<?xml version="1.0" encoding="UTF-8"?>
<beans:beans xmlns="http://www.springframework.org/schema/integration"
	xmlns:xsi="http://www.w3.org/2001/XMLSchema-instance"
	xmlns:beans="http://www.springframework.org/schema/beans"
	xmlns:amqp="http://www.springframework.org/schema/integration/amqp"
	xmlns:jms="http://www.springframework.org/schema/integration/jms"
	xmlns:http="http://www.springframework.org/schema/integration/http"
	xmlns:util="http://www.springframework.org/schema/util"
	xmlns:stream="http://www.springframework.org/schema/integration/stream"
	xsi:schemaLocation="http://www.springframework.org/schema/beans
			http://www.springframework.org/schema/beans/spring-beans.xsd
			http://www.springframework.org/schema/context
			http://www.springframework.org/schema/context/spring-context.xsd
			http://www.springframework.org/schema/integration
			http://www.springframework.org/schema/integration/spring-integration.xsd
 			http://www.springframework.org/schema/integration/amqp 
 			http://www.springframework.org/schema/integration/amqp/spring-integration-amqp.xsd
     		http://www.springframework.org/schema/integration/jms
			http://www.springframework.org/schema/integration/jms/spring-integration-jms.xsd
			http://www.springframework.org/schema/integration/http 
			http://www.springframework.org/schema/integration/http/spring-integration-http.xsd
                    http://www.springframework.org/schema/util
                    http://www.springframework.org/schema/util/spring-util.xsd
			http://www.springframework.org/schema/integration/stream
			http://www.springframework.org/schema/integration/stream/spring-integration-stream.xsd">


      <gateway id="order" service-interface="edu.mum.integration.OrderGateway"
     default-request-channel="inputOrder"/>
 
	<channel id="inputOrder" />

 <bridge input-channel='inputOrder' output-channel='processOrder'/>
 
 	<amqp:inbound-channel-adapter channel="fromAmqpOrder"
		queue-names="purchasesPhone" connection-factory="amqpConnectionFactory" />

	<channel id="fromAmqpOrder" />
 		<bridge input-channel='fromAmqpOrder' output-channel='transformOrder' />
	<channel id="transformOrder" />

    <transformer id="OrdertransformRoute" ref="orderTransformer"  input-channel="transformOrder" output-channel="transformedOrder" />

 <bridge input-channel='transformedOrder' output-channel='processOrder'/>

 	<channel id="processOrder" />
 	<jms:outbound-channel-adapter id="jmsoutWarehouse" channel="processOrder" destination="warehouseQueue"/>
 
 <beans:bean id="orderTransformer" class="edu.mum.integration.OrderTransformerImpl" />
 	
 	
	<http:inbound-channel-adapter
		channel="onlineOrder" status-code-expression="T(org.springframework.http.HttpStatus).NO_CONTENT"
		supported-methods="POST" path="/onlineOrder"
		request-payload-type="edu.mum.domain.Order">

		<http:request-mapping consumes="application/json" />
	</http:inbound-channel-adapter>

 	<channel id="onlineOrder"/>

 	<bridge input-channel='onlineOrder' output-channel='transformOrder' />
</beans:beans>

<!--  	<channel id="fromOnline"/>
 
	<service-activator ref="onlineOrderService" method="post" 
	       input-channel="fromOnline" output-channel="onlineOrder" />
 --> 
