<?xml version="1.0" encoding="UTF-8"?>
<beans xmlns="http://www.springframework.org/schema/beans"
       xmlns:xsi="http://www.w3.org/2001/XMLSchema-instance"
       xmlns:rabbit="http://www.springframework.org/schema/rabbit"
       xsi:schemaLocation="http://www.springframework.org/schema/beans
        http://www.springframework.org/schema/beans/spring-beans.xsd
        http://www.springframework.org/schema/rabbit
        http://www.springframework.org/schema/rabbit/spring-rabbit.xsd">

    <rabbit:connection-factory id="connectionFactory" host="localhost" username="joe" password="joe"/>
 
    <rabbit:admin connection-factory="connectionFactory" />

 <!-- ****** Following is ONLY NEEDED IF First time creating exchange/durable queues ****** -->  
<!-- ******************* TOPIC *************************** -->
    <rabbit:queue name="purchasesStore" />
    <rabbit:queue name="purchasesOnline" />
    <!--  added topic filter to bind only orders that are "classic" -->
    <rabbit:queue name="purchasesOnlineClassic" />

    <rabbit:topic-exchange name="order">
        <rabbit:bindings>
            <rabbit:binding queue="purchasesOnline" pattern="purchases.online.#" />
            <rabbit:binding queue="purchasesOnlineClassic" pattern="purchases.online.classic.#" />
              <rabbit:binding queue="purchasesStore" pattern="purchases.store.#" />
         </rabbit:bindings>
    </rabbit:topic-exchange>
 <!-- ****** Above is ONLY NEEDED IF First time creating exchange/durable queues ****** -->   
 
<!-- **************** TOPIC PRODUCER  -->
<!-- routing-key is "default" -->
    <rabbit:template id="topicTemplate" connection-factory="connectionFactory"
                     reply-timeout="2000" routing-key="purchases.online"
                     exchange="order" />



</beans>
