<?xml version="1.0" encoding="UTF-8"?>

<beans xmlns="http://www.springframework.org/schema/beans"
   xmlns:xsi="http://www.w3.org/2001/XMLSchema-instance"
	xmlns:context="http://www.springframework.org/schema/context"
   xmlns:tx="http://www.springframework.org/schema/tx"
   xmlns:jpa="http://www.springframework.org/schema/data/jpa"
    xsi:schemaLocation="
      http://www.springframework.org/schema/beans 
      http://www.springframework.org/schema/beans/spring-beans.xsd
 	  http://www.springframework.org/schema/context http://www.springframework.org/schema/context/spring-context.xsd
      http://www.springframework.org/schema/tx http://www.springframework.org/schema/tx/spring-tx.xsd
      http://www.springframework.org/schema/data/jpa http://www.springframework.org/schema/data/jpa/spring-jpa.xsd">
 
 <context:component-scan base-package="edu.mum" /> 
    
 <bean class="org.springframework.context.support.ReloadableResourceBundleMessageSource" id="messageSource">
	<property value="classpath:messages" name="basename"/>
	<property value="UTF-8" name="defaultEncoding"/>
 </bean>
 
  <bean id="mailSender" class="org.springframework.mail.javamail.JavaMailSenderImpl">
    <property name="host" value="smtp.gmail.com" />
	<property name="port" value="587" />
	<!-- Need to place your own username & password here -->
	<!-- INTERNAL see EAI Notes -->
 	<property name="username" value="XXXXXXX" />
	<property name="password" value="XXXXXXX" />
    <property name="javaMailProperties">
	 <props>
	 		<prop key="mail.transport.protocol">smtp</prop>
       	      <prop key="mail.smtp.auth">true</prop>
       	      <prop key="mail.smtp.starttls.enable">true</prop>
      </props>
	</property>
  </bean>
 
  
 	<!--  THYMELEAF-SPECIFIC ARTIFACTS                                    -->
	<!--  TemplateEngine <- TemplateResolver <- ViewResolver              -->	
	
     <bean id="emailTemplateResolver" class="org.thymeleaf.spring4.templateresolver.SpringResourceTemplateResolver">
 		<property name="prefix" value="templates/" />
		<property name="suffix" value=".html" />
 		<property name="templateMode" value="HTML5" />
        <property name="cacheable" value="false"/>
 	</bean>
  
	<bean id="emailTemplateEngine" class="org.thymeleaf.spring4.SpringTemplateEngine">
		<property name="templateResolvers">
			<set>
				<ref bean="emailTemplateResolver"/>
			</set>
		</property>
 	</bean>

 
</beans>
