{"name":"MemberMVC","classpathEntries":[{"kind":"binary","path":"C:\\Program Files\\Java\\jdk-10.0.2\\lib\\jrt-fs.jar","sourceContainerUrl":"file:/C:/Program%20Files/Java/jdk-10.0.2/lib/src.zip","javadocContainerUrl":"https://docs.oracle.com/javase/10/docs/api/","isSystem":true,"isOwn":false,"isTest":false,"isJavaContent":false},{"kind":"binary","path":"C:\\Users\\admin1\\.m2\\repository\\org\\springframework\\spring-webmvc\\4.2.8.RELEASE\\spring-webmvc-4.2.8.RELEASE.jar","sourceContainerUrl":"file:/C:/Users/admin1/.m2/repository/org/springframework/spring-webmvc/4.2.8.RELEASE/spring-webmvc-4.2.8.RELEASE-sources.jar","javadocContainerUrl":"file:/C:/Users/admin1/.m2/repository/org/springframework/spring-webmvc/4.2.8.RELEASE/spring-webmvc-4.2.8.RELEASE-javadoc.jar","isSystem":false,"isOwn":false,"isTest":false,"isJavaContent":false},{"kind":"binary","path":"C:\\Users\\admin1\\.m2\\repository\\org\\springframework\\spring-beans\\4.2.8.RELEASE\\spring-beans-4.2.8.RELEASE.jar","sourceContainerUrl":"file:/C:/Users/admin1/.m2/repository/org/springframework/spring-beans/4.2.8.RELEASE/spring-beans-4.2.8.RELEASE-sources.jar","javadocContainerUrl":"file:/C:/Users/admin1/.m2/repository/org/springframework/spring-beans/4.2.8.RELEASE/spring-beans-4.2.8.RELEASE-javadoc.jar","isSystem":false,"isOwn":false,"isTest":false,"isJavaContent":false},{"kind":"binary","path":"C:\\Users\\admin1\\.m2\\repository\\org\\springframework\\spring-expression\\4.2.8.RELEASE\\spring-expression-4.2.8.RELEASE.jar","sourceContainerUrl":"file:/C:/Users/admin1/.m2/repository/org/springframework/spring-expression/4.2.8.RELEASE/spring-expression-4.2.8.RELEASE-sources.jar","javadocContainerUrl":"file:/C:/Users/admin1/.m2/repository/org/springframework/spring-expression/4.2.8.RELEASE/spring-expression-4.2.8.RELEASE-javadoc.jar","isSystem":false,"isOwn":false,"isTest":false,"isJavaContent":false},{"kind":"binary","path":"C:\\Users\\admin1\\.m2\\repository\\org\\springframework\\spring-web\\4.2.8.RELEASE\\spring-web-4.2.8.RELEASE.jar","sourceContainerUrl":"file:/C:/Users/admin1/.m2/repository/org/springframework/spring-web/4.2.8.RELEASE/spring-web-4.2.8.RELEASE-sources.jar","javadocContainerUrl":"file:/C:/Users/admin1/.m2/repository/org/springframework/spring-web/4.2.8.RELEASE/spring-web-4.2.8.RELEASE-javadoc.jar","isSystem":false,"isOwn":false,"isTest":false,"isJavaContent":false},{"kind":"binary","path":"C:\\Users\\admin1\\.m2\\repository\\javax\\servlet\\jstl\\1.2\\jstl-1.2.jar","sourceContainerUrl":"file:/C:/Users/admin1/.m2/repository/javax/servlet/jstl/1.2/jstl-1.2-sources.jar","isSystem":false,"isOwn":false,"isTest":false,"isJavaContent":false},{"kind":"binary","path":"C:\\Users\\admin1\\.m2\\repository\\javax\\servlet\\javax.servlet-api\\3.1.0\\javax.servlet-api-3.1.0.jar","sourceContainerUrl":"file:/C:/Users/admin1/.m2/repository/javax/servlet/javax.servlet-api/3.1.0/javax.servlet-api-3.1.0-sources.jar","javadocContainerUrl":"file:/C:/Users/admin1/.m2/repository/javax/servlet/javax.servlet-api/3.1.0/javax.servlet-api-3.1.0-javadoc.jar","isSystem":false,"isOwn":false,"isTest":false,"isJavaContent":false},{"kind":"binary","path":"C:\\Users\\admin1\\.m2\\repository\\commons-fileupload\\commons-fileupload\\1.3.2\\commons-fileupload-1.3.2.jar","sourceContainerUrl":"file:/C:/Users/admin1/.m2/repository/commons-fileupload/commons-fileupload/1.3.2/commons-fileupload-1.3.2-sources.jar","javadocContainerUrl":"file:/C:/Users/admin1/.m2/repository/commons-fileupload/commons-fileupload/1.3.2/commons-fileupload-1.3.2-javadoc.jar","isSystem":false,"isOwn":false,"isTest":false,"isJavaContent":false},{"kind":"binary","path":"C:\\Users\\admin1\\.m2\\repository\\commons-io\\commons-io\\2.4\\commons-io-2.4.jar","sourceContainerUrl":"file:/C:/Users/admin1/.m2/repository/commons-io/commons-io/2.4/commons-io-2.4-sources.jar","javadocContainerUrl":"file:/C:/Users/admin1/.m2/repository/commons-io/commons-io/2.4/commons-io-2.4-javadoc.jar","isSystem":false,"isOwn":false,"isTest":false,"isJavaContent":false},{"kind":"binary","path":"C:\\Users\\admin1\\.m2\\repository\\org\\codehaus\\jackson\\jackson-mapper-asl\\1.9.13\\jackson-mapper-asl-1.9.13.jar","sourceContainerUrl":"file:/C:/Users/admin1/.m2/repository/org/codehaus/jackson/jackson-mapper-asl/1.9.13/jackson-mapper-asl-1.9.13-sources.jar","javadocContainerUrl":"file:/C:/Users/admin1/.m2/repository/org/codehaus/jackson/jackson-mapper-asl/1.9.13/jackson-mapper-asl-1.9.13-javadoc.jar","isSystem":false,"isOwn":false,"isTest":false,"isJavaContent":false},{"kind":"binary","path":"C:\\Users\\admin1\\.m2\\repository\\org\\codehaus\\jackson\\jackson-core-asl\\1.9.13\\jackson-core-asl-1.9.13.jar","sourceContainerUrl":"file:/C:/Users/admin1/.m2/repository/org/codehaus/jackson/jackson-core-asl/1.9.13/jackson-core-asl-1.9.13-sources.jar","javadocContainerUrl":"file:/C:/Users/admin1/.m2/repository/org/codehaus/jackson/jackson-core-asl/1.9.13/jackson-core-asl-1.9.13-javadoc.jar","isSystem":false,"isOwn":false,"isTest":false,"isJavaContent":false},{"kind":"binary","path":"C:\\Users\\admin1\\.m2\\repository\\org\\springframework\\spring-core\\4.2.8.RELEASE\\spring-core-4.2.8.RELEASE.jar","sourceContainerUrl":"file:/C:/Users/admin1/.m2/repository/org/springframework/spring-core/4.2.8.RELEASE/spring-core-4.2.8.RELEASE-sources.jar","javadocContainerUrl":"file:/C:/Users/admin1/.m2/repository/org/springframework/spring-core/4.2.8.RELEASE/spring-core-4.2.8.RELEASE-javadoc.jar","isSystem":false,"isOwn":false,"isTest":false,"isJavaContent":false},{"kind":"binary","path":"C:\\Users\\admin1\\.m2\\repository\\org\\springframework\\spring-context\\4.2.8.RELEASE\\spring-context-4.2.8.RELEASE.jar","sourceContainerUrl":"file:/C:/Users/admin1/.m2/repository/org/springframework/spring-context/4.2.8.RELEASE/spring-context-4.2.8.RELEASE-sources.jar","javadocContainerUrl":"file:/C:/Users/admin1/.m2/repository/org/springframework/spring-context/4.2.8.RELEASE/spring-context-4.2.8.RELEASE-javadoc.jar","isSystem":false,"isOwn":false,"isTest":false,"isJavaContent":false},{"kind":"binary","path":"C:\\Users\\admin1\\.m2\\repository\\org\\springframework\\spring-aop\\4.2.8.RELEASE\\spring-aop-4.2.8.RELEASE.jar","sourceContainerUrl":"file:/C:/Users/admin1/.m2/repository/org/springframework/spring-aop/4.2.8.RELEASE/spring-aop-4.2.8.RELEASE-sources.jar","javadocContainerUrl":"file:/C:/Users/admin1/.m2/repository/org/springframework/spring-aop/4.2.8.RELEASE/spring-aop-4.2.8.RELEASE-javadoc.jar","isSystem":false,"isOwn":false,"isTest":false,"isJavaContent":false},{"kind":"binary","path":"C:\\Users\\admin1\\.m2\\repository\\aopalliance\\aopalliance\\1.0\\aopalliance-1.0.jar","sourceContainerUrl":"file:/C:/Users/admin1/.m2/repository/aopalliance/aopalliance/1.0/aopalliance-1.0-sources.jar","isSystem":false,"isOwn":false,"isTest":false,"isJavaContent":false},{"kind":"binary","path":"C:\\Users\\admin1\\.m2\\repository\\org\\springframework\\spring-tx\\4.2.8.RELEASE\\spring-tx-4.2.8.RELEASE.jar","sourceContainerUrl":"file:/C:/Users/admin1/.m2/repository/org/springframework/spring-tx/4.2.8.RELEASE/spring-tx-4.2.8.RELEASE-sources.jar","javadocContainerUrl":"file:/C:/Users/admin1/.m2/repository/org/springframework/spring-tx/4.2.8.RELEASE/spring-tx-4.2.8.RELEASE-javadoc.jar","isSystem":false,"isOwn":false,"isTest":false,"isJavaContent":false},{"kind":"binary","path":"C:\\Users\\admin1\\.m2\\repository\\org\\hibernate\\hibernate-entitymanager\\4.3.11.Final\\hibernate-entitymanager-4.3.11.Final.jar","sourceContainerUrl":"file:/C:/Users/admin1/.m2/repository/org/hibernate/hibernate-entitymanager/4.3.11.Final/hibernate-entitymanager-4.3.11.Final-sources.jar","isSystem":false,"isOwn":false,"isTest":false,"isJavaContent":false},{"kind":"binary","path":"C:\\Users\\admin1\\.m2\\repository\\org\\jboss\\logging\\jboss-logging\\3.3.0.Final\\jboss-logging-3.3.0.Final.jar","sourceContainerUrl":"file:/C:/Users/admin1/.m2/repository/org/jboss/logging/jboss-logging/3.3.0.Final/jboss-logging-3.3.0.Final-sources.jar","javadocContainerUrl":"file:/C:/Users/admin1/.m2/repository/org/jboss/logging/jboss-logging/3.3.0.Final/jboss-logging-3.3.0.Final-javadoc.jar","isSystem":false,"isOwn":false,"isTest":false,"isJavaContent":false},{"kind":"binary","path":"C:\\Users\\admin1\\.m2\\repository\\org\\jboss\\logging\\jboss-logging-annotations\\1.2.0.Beta1\\jboss-logging-annotations-1.2.0.Beta1.jar","sourceContainerUrl":"file:/C:/Users/admin1/.m2/repository/org/jboss/logging/jboss-logging-annotations/1.2.0.Beta1/jboss-logging-annotations-1.2.0.Beta1-sources.jar","javadocContainerUrl":"file:/C:/Users/admin1/.m2/repository/org/jboss/logging/jboss-logging-annotations/1.2.0.Beta1/jboss-logging-annotations-1.2.0.Beta1-javadoc.jar","isSystem":false,"isOwn":false,"isTest":false,"isJavaContent":false},{"kind":"binary","path":"C:\\Users\\admin1\\.m2\\repository\\org\\hibernate\\hibernate-core\\4.3.11.Final\\hibernate-core-4.3.11.Final.jar","sourceContainerUrl":"file:/C:/Users/admin1/.m2/repository/org/hibernate/hibernate-core/4.3.11.Final/hibernate-core-4.3.11.Final-sources.jar","isSystem":false,"isOwn":false,"isTest":false,"isJavaContent":false},{"kind":"binary","path":"C:\\Users\\admin1\\.m2\\repository\\antlr\\antlr\\2.7.7\\antlr-2.7.7.jar","isSystem":false,"isOwn":false,"isTest":false,"isJavaContent":false},{"kind":"binary","path":"C:\\Users\\admin1\\.m2\\repository\\org\\jboss\\jandex\\1.1.0.Final\\jandex-1.1.0.Final.jar","sourceContainerUrl":"file:/C:/Users/admin1/.m2/repository/org/jboss/jandex/1.1.0.Final/jandex-1.1.0.Final-sources.jar","isSystem":false,"isOwn":false,"isTest":false,"isJavaContent":false},{"kind":"binary","path":"C:\\Users\\admin1\\.m2\\repository\\dom4j\\dom4j\\1.6.1\\dom4j-1.6.1.jar","sourceContainerUrl":"file:/C:/Users/admin1/.m2/repository/dom4j/dom4j/1.6.1/dom4j-1.6.1-sources.jar","isSystem":false,"isOwn":false,"isTest":false,"isJavaContent":false},{"kind":"binary","path":"C:\\Users\\admin1\\.m2\\repository\\xml-apis\\xml-apis\\1.0.b2\\xml-apis-1.0.b2.jar","sourceContainerUrl":"file:/C:/Users/admin1/.m2/repository/xml-apis/xml-apis/1.0.b2/xml-apis-1.0.b2-sources.jar","isSystem":false,"isOwn":false,"isTest":false,"isJavaContent":false},{"kind":"binary","path":"C:\\Users\\admin1\\.m2\\repository\\org\\hibernate\\common\\hibernate-commons-annotations\\4.0.5.Final\\hibernate-commons-annotations-4.0.5.Final.jar","sourceContainerUrl":"file:/C:/Users/admin1/.m2/repository/org/hibernate/common/hibernate-commons-annotations/4.0.5.Final/hibernate-commons-annotations-4.0.5.Final-sources.jar","isSystem":false,"isOwn":false,"isTest":false,"isJavaContent":false},{"kind":"binary","path":"C:\\Users\\admin1\\.m2\\repository\\org\\hibernate\\javax\\persistence\\hibernate-jpa-2.1-api\\1.0.0.Final\\hibernate-jpa-2.1-api-1.0.0.Final.jar","sourceContainerUrl":"file:/C:/Users/admin1/.m2/repository/org/hibernate/javax/persistence/hibernate-jpa-2.1-api/1.0.0.Final/hibernate-jpa-2.1-api-1.0.0.Final-sources.jar","javadocContainerUrl":"file:/C:/Users/admin1/.m2/repository/org/hibernate/javax/persistence/hibernate-jpa-2.1-api/1.0.0.Final/hibernate-jpa-2.1-api-1.0.0.Final-javadoc.jar","isSystem":false,"isOwn":false,"isTest":false,"isJavaContent":false},{"kind":"binary","path":"C:\\Users\\admin1\\.m2\\repository\\org\\jboss\\spec\\javax\\transaction\\jboss-transaction-api_1.2_spec\\1.0.0.Final\\jboss-transaction-api_1.2_spec-1.0.0.Final.jar","sourceContainerUrl":"file:/C:/Users/admin1/.m2/repository/org/jboss/spec/javax/transaction/jboss-transaction-api_1.2_spec/1.0.0.Final/jboss-transaction-api_1.2_spec-1.0.0.Final-sources.jar","javadocContainerUrl":"file:/C:/Users/admin1/.m2/repository/org/jboss/spec/javax/transaction/jboss-transaction-api_1.2_spec/1.0.0.Final/jboss-transaction-api_1.2_spec-1.0.0.Final-javadoc.jar","isSystem":false,"isOwn":false,"isTest":false,"isJavaContent":false},{"kind":"binary","path":"C:\\Users\\admin1\\.m2\\repository\\org\\javassist\\javassist\\3.18.1-GA\\javassist-3.18.1-GA.jar","sourceContainerUrl":"file:/C:/Users/admin1/.m2/repository/org/javassist/javassist/3.18.1-GA/javassist-3.18.1-GA-sources.jar","javadocContainerUrl":"file:/C:/Users/admin1/.m2/repository/org/javassist/javassist/3.18.1-GA/javassist-3.18.1-GA-javadoc.jar","isSystem":false,"isOwn":false,"isTest":false,"isJavaContent":false},{"kind":"binary","path":"C:\\Users\\admin1\\.m2\\repository\\com\\fasterxml\\jackson\\jaxrs\\jackson-jaxrs-base\\2.6.7\\jackson-jaxrs-base-2.6.7.jar","sourceContainerUrl":"file:/C:/Users/admin1/.m2/repository/com/fasterxml/jackson/jaxrs/jackson-jaxrs-base/2.6.7/jackson-jaxrs-base-2.6.7-sources.jar","javadocContainerUrl":"file:/C:/Users/admin1/.m2/repository/com/fasterxml/jackson/jaxrs/jackson-jaxrs-base/2.6.7/jackson-jaxrs-base-2.6.7-javadoc.jar","isSystem":false,"isOwn":false,"isTest":false,"isJavaContent":false},{"kind":"binary","path":"C:\\Users\\admin1\\.m2\\repository\\com\\fasterxml\\jackson\\core\\jackson-core\\2.6.7\\jackson-core-2.6.7.jar","sourceContainerUrl":"file:/C:/Users/admin1/.m2/repository/com/fasterxml/jackson/core/jackson-core/2.6.7/jackson-core-2.6.7-sources.jar","javadocContainerUrl":"file:/C:/Users/admin1/.m2/repository/com/fasterxml/jackson/core/jackson-core/2.6.7/jackson-core-2.6.7-javadoc.jar","isSystem":false,"isOwn":false,"isTest":false,"isJavaContent":false},{"kind":"binary","path":"C:\\Users\\admin1\\.m2\\repository\\com\\fasterxml\\jackson\\core\\jackson-databind\\2.6.7\\jackson-databind-2.6.7.jar","sourceContainerUrl":"file:/C:/Users/admin1/.m2/repository/com/fasterxml/jackson/core/jackson-databind/2.6.7/jackson-databind-2.6.7-sources.jar","javadocContainerUrl":"file:/C:/Users/admin1/.m2/repository/com/fasterxml/jackson/core/jackson-databind/2.6.7/jackson-databind-2.6.7-javadoc.jar","isSystem":false,"isOwn":false,"isTest":false,"isJavaContent":false},{"kind":"binary","path":"C:\\Users\\admin1\\.m2\\repository\\com\\fasterxml\\jackson\\core\\jackson-annotations\\2.6.7\\jackson-annotations-2.6.7.jar","sourceContainerUrl":"file:/C:/Users/admin1/.m2/repository/com/fasterxml/jackson/core/jackson-annotations/2.6.7/jackson-annotations-2.6.7-sources.jar","javadocContainerUrl":"file:/C:/Users/admin1/.m2/repository/com/fasterxml/jackson/core/jackson-annotations/2.6.7/jackson-annotations-2.6.7-javadoc.jar","isSystem":false,"isOwn":false,"isTest":false,"isJavaContent":false},{"kind":"binary","path":"C:\\Users\\admin1\\.m2\\repository\\commons-codec\\commons-codec\\1.10\\commons-codec-1.10.jar","sourceContainerUrl":"file:/C:/Users/admin1/.m2/repository/commons-codec/commons-codec/1.10/commons-codec-1.10-sources.jar","javadocContainerUrl":"file:/C:/Users/admin1/.m2/repository/commons-codec/commons-codec/1.10/commons-codec-1.10-javadoc.jar","isSystem":false,"isOwn":false,"isTest":false,"isJavaContent":false},{"kind":"binary","path":"C:\\Users\\admin1\\.m2\\repository\\commons-logging\\commons-logging\\1.2\\commons-logging-1.2.jar","sourceContainerUrl":"file:/C:/Users/admin1/.m2/repository/commons-logging/commons-logging/1.2/commons-logging-1.2-sources.jar","javadocContainerUrl":"file:/C:/Users/admin1/.m2/repository/commons-logging/commons-logging/1.2/commons-logging-1.2-javadoc.jar","isSystem":false,"isOwn":false,"isTest":false,"isJavaContent":false},{"kind":"binary","path":"C:\\Users\\admin1\\.m2\\repository\\org\\hibernate\\hibernate-validator\\5.2.4.Final\\hibernate-validator-5.2.4.Final.jar","sourceContainerUrl":"file:/C:/Users/admin1/.m2/repository/org/hibernate/hibernate-validator/5.2.4.Final/hibernate-validator-5.2.4.Final-sources.jar","isSystem":false,"isOwn":false,"isTest":false,"isJavaContent":false},{"kind":"binary","path":"C:\\Users\\admin1\\.m2\\repository\\javax\\validation\\validation-api\\1.1.0.Final\\validation-api-1.1.0.Final.jar","sourceContainerUrl":"file:/C:/Users/admin1/.m2/repository/javax/validation/validation-api/1.1.0.Final/validation-api-1.1.0.Final-sources.jar","javadocContainerUrl":"file:/C:/Users/admin1/.m2/repository/javax/validation/validation-api/1.1.0.Final/validation-api-1.1.0.Final-javadoc.jar","isSystem":false,"isOwn":false,"isTest":false,"isJavaContent":false},{"kind":"binary","path":"C:\\Users\\admin1\\.m2\\repository\\com\\fasterxml\\classmate\\1.1.0\\classmate-1.1.0.jar","sourceContainerUrl":"file:/C:/Users/admin1/.m2/repository/com/fasterxml/classmate/1.1.0/classmate-1.1.0-sources.jar","javadocContainerUrl":"file:/C:/Users/admin1/.m2/repository/com/fasterxml/classmate/1.1.0/classmate-1.1.0-javadoc.jar","isSystem":false,"isOwn":false,"isTest":false,"isJavaContent":false},{"kind":"binary","path":"C:\\Users\\admin1\\.m2\\repository\\org\\apache\\httpcomponents\\httpclient\\4.5.2\\httpclient-4.5.2.jar","sourceContainerUrl":"file:/C:/Users/admin1/.m2/repository/org/apache/httpcomponents/httpclient/4.5.2/httpclient-4.5.2-sources.jar","javadocContainerUrl":"file:/C:/Users/admin1/.m2/repository/org/apache/httpcomponents/httpclient/4.5.2/httpclient-4.5.2-javadoc.jar","isSystem":false,"isOwn":false,"isTest":false,"isJavaContent":false},{"kind":"binary","path":"C:\\Users\\admin1\\.m2\\repository\\org\\apache\\httpcomponents\\httpcore\\4.4.5\\httpcore-4.4.5.jar","sourceContainerUrl":"file:/C:/Users/admin1/.m2/repository/org/apache/httpcomponents/httpcore/4.4.5/httpcore-4.4.5-sources.jar","javadocContainerUrl":"file:/C:/Users/admin1/.m2/repository/org/apache/httpcomponents/httpcore/4.4.5/httpcore-4.4.5-javadoc.jar","isSystem":false,"isOwn":false,"isTest":false,"isJavaContent":false},{"kind":"binary","path":"C:\\Users\\admin1\\.m2\\repository\\log4j\\log4j\\1.2.17\\log4j-1.2.17.jar","sourceContainerUrl":"file:/C:/Users/admin1/.m2/repository/log4j/log4j/1.2.17/log4j-1.2.17-sources.jar","javadocContainerUrl":"file:/C:/Users/admin1/.m2/repository/log4j/log4j/1.2.17/log4j-1.2.17-javadoc.jar","isSystem":false,"isOwn":false,"isTest":false,"isJavaContent":false},{"kind":"binary","path":"C:\\Users\\admin1\\.m2\\repository\\org\\slf4j\\slf4j-log4j12\\1.7.21\\slf4j-log4j12-1.7.21.jar","sourceContainerUrl":"file:/C:/Users/admin1/.m2/repository/org/slf4j/slf4j-log4j12/1.7.21/slf4j-log4j12-1.7.21-sources.jar","javadocContainerUrl":"file:/C:/Users/admin1/.m2/repository/org/slf4j/slf4j-log4j12/1.7.21/slf4j-log4j12-1.7.21-javadoc.jar","isSystem":false,"isOwn":false,"isTest":false,"isJavaContent":false},{"kind":"binary","path":"C:\\Users\\admin1\\.m2\\repository\\org\\slf4j\\slf4j-api\\1.7.21\\slf4j-api-1.7.21.jar","sourceContainerUrl":"file:/C:/Users/admin1/.m2/repository/org/slf4j/slf4j-api/1.7.21/slf4j-api-1.7.21-sources.jar","javadocContainerUrl":"file:/C:/Users/admin1/.m2/repository/org/slf4j/slf4j-api/1.7.21/slf4j-api-1.7.21-javadoc.jar","isSystem":false,"isOwn":false,"isTest":false,"isJavaContent":false},{"kind":"binary","path":"C:\\Users\\admin1\\.m2\\repository\\javax\\xml\\bind\\jaxb-api\\2.3.0\\jaxb-api-2.3.0.jar","sourceContainerUrl":"file:/C:/Users/admin1/.m2/repository/javax/xml/bind/jaxb-api/2.3.0/jaxb-api-2.3.0-sources.jar","javadocContainerUrl":"file:/C:/Users/admin1/.m2/repository/javax/xml/bind/jaxb-api/2.3.0/jaxb-api-2.3.0-javadoc.jar","isSystem":false,"isOwn":false,"isTest":false,"isJavaContent":false},{"kind":"source","path":"C:\\Users\\admin1\\EA\\workspace\\MemberMVC\\src\\main\\java","outputFolder":"C:\\Users\\admin1\\EA\\workspace\\MemberMVC\\target\\classes","javadocContainerUrl":"file:/C:/Users/admin1/EA/workspace/MemberMVC/target/site/apidocs","isSystem":false,"isOwn":true,"isTest":false,"isJavaContent":true},{"kind":"source","path":"C:\\Users\\admin1\\EA\\workspace\\MemberMVC\\src\\test\\java","outputFolder":"C:\\Users\\admin1\\EA\\workspace\\MemberMVC\\target\\test-classes","javadocContainerUrl":"file:/C:/Users/admin1/EA/workspace/MemberMVC/target/site/apidocs","isSystem":false,"isOwn":true,"isTest":true,"isJavaContent":true},{"kind":"source","path":"C:\\Users\\admin1\\EA\\workspace\\MemberMVC\\src\\main\\resources","outputFolder":"C:\\Users\\admin1\\EA\\workspace\\MemberMVC\\target\\classes","isSystem":false,"isOwn":true,"isTest":false,"isJavaContent":false},{"kind":"source","path":"C:\\Users\\admin1\\EA\\workspace\\MemberMVC\\src\\test\\resources","outputFolder":"C:\\Users\\admin1\\EA\\workspace\\MemberMVC\\target\\test-classes","isSystem":false,"isOwn":true,"isTest":true,"isJavaContent":false},{"kind":"source","path":"C:\\Users\\admin1\\EA\\workspace\\MemberMVC\\src\\test\\java","outputFolder":"C:\\Users\\admin1\\EA\\workspace\\MemberMVC\\target\\test-classes","javadocContainerUrl":"file:/C:/Users/admin1/EA/workspace/MemberMVC/target/site/apidocs","isSystem":false,"isOwn":true,"isTest":false,"isJavaContent":false}]}