{"name":"SecurityAuthGroupPermRule","classpathEntries":[{"kind":"binary","path":"C:\\Program Files\\Java\\jdk-10.0.2\\lib\\jrt-fs.jar","sourceContainerUrl":"file:/C:/Program%20Files/Java/jdk-10.0.2/lib/src.zip","javadocContainerUrl":"https://docs.oracle.com/javase/10/docs/api/","isSystem":true,"isOwn":false,"isTest":false,"isJavaContent":false},{"kind":"binary","path":"C:\\Users\\admin1\\.m2\\repository\\org\\springframework\\spring-core\\4.2.8.RELEASE\\spring-core-4.2.8.RELEASE.jar","sourceContainerUrl":"file:/C:/Users/admin1/.m2/repository/org/springframework/spring-core/4.2.8.RELEASE/spring-core-4.2.8.RELEASE-sources.jar","javadocContainerUrl":"file:/C:/Users/admin1/.m2/repository/org/springframework/spring-core/4.2.8.RELEASE/spring-core-4.2.8.RELEASE-javadoc.jar","isSystem":false,"isOwn":false,"isTest":false,"isJavaContent":false},{"kind":"binary","path":"C:\\Users\\admin1\\.m2\\repository\\org\\springframework\\spring-context\\4.2.8.RELEASE\\spring-context-4.2.8.RELEASE.jar","sourceContainerUrl":"file:/C:/Users/admin1/.m2/repository/org/springframework/spring-context/4.2.8.RELEASE/spring-context-4.2.8.RELEASE-sources.jar","javadocContainerUrl":"file:/C:/Users/admin1/.m2/repository/org/springframework/spring-context/4.2.8.RELEASE/spring-context-4.2.8.RELEASE-javadoc.jar","isSystem":false,"isOwn":false,"isTest":false,"isJavaContent":false},{"kind":"binary","path":"C:\\Users\\admin1\\.m2\\repository\\org\\springframework\\spring-aop\\4.2.8.RELEASE\\spring-aop-4.2.8.RELEASE.jar","sourceContainerUrl":"file:/C:/Users/admin1/.m2/repository/org/springframework/spring-aop/4.2.8.RELEASE/spring-aop-4.2.8.RELEASE-sources.jar","javadocContainerUrl":"file:/C:/Users/admin1/.m2/repository/org/springframework/spring-aop/4.2.8.RELEASE/spring-aop-4.2.8.RELEASE-javadoc.jar","isSystem":false,"isOwn":false,"isTest":false,"isJavaContent":false},{"kind":"binary","path":"C:\\Users\\admin1\\.m2\\repository\\org\\springframework\\spring-beans\\4.2.8.RELEASE\\spring-beans-4.2.8.RELEASE.jar","sourceContainerUrl":"file:/C:/Users/admin1/.m2/repository/org/springframework/spring-beans/4.2.8.RELEASE/spring-beans-4.2.8.RELEASE-sources.jar","javadocContainerUrl":"file:/C:/Users/admin1/.m2/repository/org/springframework/spring-beans/4.2.8.RELEASE/spring-beans-4.2.8.RELEASE-javadoc.jar","isSystem":false,"isOwn":false,"isTest":false,"isJavaContent":false},{"kind":"binary","path":"C:\\Users\\admin1\\.m2\\repository\\org\\springframework\\spring-expression\\4.2.8.RELEASE\\spring-expression-4.2.8.RELEASE.jar","sourceContainerUrl":"file:/C:/Users/admin1/.m2/repository/org/springframework/spring-expression/4.2.8.RELEASE/spring-expression-4.2.8.RELEASE-sources.jar","javadocContainerUrl":"file:/C:/Users/admin1/.m2/repository/org/springframework/spring-expression/4.2.8.RELEASE/spring-expression-4.2.8.RELEASE-javadoc.jar","isSystem":false,"isOwn":false,"isTest":false,"isJavaContent":false},{"kind":"binary","path":"C:\\Users\\admin1\\.m2\\repository\\org\\springframework\\spring-tx\\4.2.8.RELEASE\\spring-tx-4.2.8.RELEASE.jar","sourceContainerUrl":"file:/C:/Users/admin1/.m2/repository/org/springframework/spring-tx/4.2.8.RELEASE/spring-tx-4.2.8.RELEASE-sources.jar","javadocContainerUrl":"file:/C:/Users/admin1/.m2/repository/org/springframework/spring-tx/4.2.8.RELEASE/spring-tx-4.2.8.RELEASE-javadoc.jar","isSystem":false,"isOwn":false,"isTest":false,"isJavaContent":false},{"kind":"binary","path":"C:\\Users\\admin1\\.m2\\repository\\org\\springframework\\spring-orm\\4.2.8.RELEASE\\spring-orm-4.2.8.RELEASE.jar","sourceContainerUrl":"file:/C:/Users/admin1/.m2/repository/org/springframework/spring-orm/4.2.8.RELEASE/spring-orm-4.2.8.RELEASE-sources.jar","javadocContainerUrl":"file:/C:/Users/admin1/.m2/repository/org/springframework/spring-orm/4.2.8.RELEASE/spring-orm-4.2.8.RELEASE-javadoc.jar","isSystem":false,"isOwn":false,"isTest":false,"isJavaContent":false},{"kind":"binary","path":"C:\\Users\\admin1\\.m2\\repository\\org\\springframework\\spring-jdbc\\4.2.8.RELEASE\\spring-jdbc-4.2.8.RELEASE.jar","sourceContainerUrl":"file:/C:/Users/admin1/.m2/repository/org/springframework/spring-jdbc/4.2.8.RELEASE/spring-jdbc-4.2.8.RELEASE-sources.jar","javadocContainerUrl":"file:/C:/Users/admin1/.m2/repository/org/springframework/spring-jdbc/4.2.8.RELEASE/spring-jdbc-4.2.8.RELEASE-javadoc.jar","isSystem":false,"isOwn":false,"isTest":false,"isJavaContent":false},{"kind":"binary","path":"C:\\Users\\admin1\\.m2\\repository\\org\\springframework\\security\\spring-security-core\\4.0.4.RELEASE\\spring-security-core-4.0.4.RELEASE.jar","sourceContainerUrl":"file:/C:/Users/admin1/.m2/repository/org/springframework/security/spring-security-core/4.0.4.RELEASE/spring-security-core-4.0.4.RELEASE-sources.jar","javadocContainerUrl":"file:/C:/Users/admin1/.m2/repository/org/springframework/security/spring-security-core/4.0.4.RELEASE/spring-security-core-4.0.4.RELEASE-javadoc.jar","isSystem":false,"isOwn":false,"isTest":false,"isJavaContent":false},{"kind":"binary","path":"C:\\Users\\admin1\\.m2\\repository\\aopalliance\\aopalliance\\1.0\\aopalliance-1.0.jar","sourceContainerUrl":"file:/C:/Users/admin1/.m2/repository/aopalliance/aopalliance/1.0/aopalliance-1.0-sources.jar","isSystem":false,"isOwn":false,"isTest":false,"isJavaContent":false},{"kind":"binary","path":"C:\\Users\\admin1\\.m2\\repository\\org\\springframework\\security\\spring-security-config\\4.0.4.RELEASE\\spring-security-config-4.0.4.RELEASE.jar","sourceContainerUrl":"file:/C:/Users/admin1/.m2/repository/org/springframework/security/spring-security-config/4.0.4.RELEASE/spring-security-config-4.0.4.RELEASE-sources.jar","javadocContainerUrl":"file:/C:/Users/admin1/.m2/repository/org/springframework/security/spring-security-config/4.0.4.RELEASE/spring-security-config-4.0.4.RELEASE-javadoc.jar","isSystem":false,"isOwn":false,"isTest":false,"isJavaContent":false},{"kind":"binary","path":"C:\\Users\\admin1\\.m2\\repository\\org\\hibernate\\hibernate-entitymanager\\4.3.11.Final\\hibernate-entitymanager-4.3.11.Final.jar","sourceContainerUrl":"file:/C:/Users/admin1/.m2/repository/org/hibernate/hibernate-entitymanager/4.3.11.Final/hibernate-entitymanager-4.3.11.Final-sources.jar","isSystem":false,"isOwn":false,"isTest":false,"isJavaContent":false},{"kind":"binary","path":"C:\\Users\\admin1\\.m2\\repository\\org\\jboss\\logging\\jboss-logging\\3.3.0.Final\\jboss-logging-3.3.0.Final.jar","sourceContainerUrl":"file:/C:/Users/admin1/.m2/repository/org/jboss/logging/jboss-logging/3.3.0.Final/jboss-logging-3.3.0.Final-sources.jar","javadocContainerUrl":"file:/C:/Users/admin1/.m2/repository/org/jboss/logging/jboss-logging/3.3.0.Final/jboss-logging-3.3.0.Final-javadoc.jar","isSystem":false,"isOwn":false,"isTest":false,"isJavaContent":false},{"kind":"binary","path":"C:\\Users\\admin1\\.m2\\repository\\org\\jboss\\logging\\jboss-logging-annotations\\1.2.0.Beta1\\jboss-logging-annotations-1.2.0.Beta1.jar","sourceContainerUrl":"file:/C:/Users/admin1/.m2/repository/org/jboss/logging/jboss-logging-annotations/1.2.0.Beta1/jboss-logging-annotations-1.2.0.Beta1-sources.jar","javadocContainerUrl":"file:/C:/Users/admin1/.m2/repository/org/jboss/logging/jboss-logging-annotations/1.2.0.Beta1/jboss-logging-annotations-1.2.0.Beta1-javadoc.jar","isSystem":false,"isOwn":false,"isTest":false,"isJavaContent":false},{"kind":"binary","path":"C:\\Users\\admin1\\.m2\\repository\\org\\hibernate\\hibernate-core\\4.3.11.Final\\hibernate-core-4.3.11.Final.jar","sourceContainerUrl":"file:/C:/Users/admin1/.m2/repository/org/hibernate/hibernate-core/4.3.11.Final/hibernate-core-4.3.11.Final-sources.jar","isSystem":false,"isOwn":false,"isTest":false,"isJavaContent":false},{"kind":"binary","path":"C:\\Users\\admin1\\.m2\\repository\\antlr\\antlr\\2.7.7\\antlr-2.7.7.jar","isSystem":false,"isOwn":false,"isTest":false,"isJavaContent":false},{"kind":"binary","path":"C:\\Users\\admin1\\.m2\\repository\\org\\jboss\\jandex\\1.1.0.Final\\jandex-1.1.0.Final.jar","sourceContainerUrl":"file:/C:/Users/admin1/.m2/repository/org/jboss/jandex/1.1.0.Final/jandex-1.1.0.Final-sources.jar","isSystem":false,"isOwn":false,"isTest":false,"isJavaContent":false},{"kind":"binary","path":"C:\\Users\\admin1\\.m2\\repository\\dom4j\\dom4j\\1.6.1\\dom4j-1.6.1.jar","sourceContainerUrl":"file:/C:/Users/admin1/.m2/repository/dom4j/dom4j/1.6.1/dom4j-1.6.1-sources.jar","isSystem":false,"isOwn":false,"isTest":false,"isJavaContent":false},{"kind":"binary","path":"C:\\Users\\admin1\\.m2\\repository\\xml-apis\\xml-apis\\1.0.b2\\xml-apis-1.0.b2.jar","sourceContainerUrl":"file:/C:/Users/admin1/.m2/repository/xml-apis/xml-apis/1.0.b2/xml-apis-1.0.b2-sources.jar","isSystem":false,"isOwn":false,"isTest":false,"isJavaContent":false},{"kind":"binary","path":"C:\\Users\\admin1\\.m2\\repository\\org\\hibernate\\common\\hibernate-commons-annotations\\4.0.5.Final\\hibernate-commons-annotations-4.0.5.Final.jar","sourceContainerUrl":"file:/C:/Users/admin1/.m2/repository/org/hibernate/common/hibernate-commons-annotations/4.0.5.Final/hibernate-commons-annotations-4.0.5.Final-sources.jar","isSystem":false,"isOwn":false,"isTest":false,"isJavaContent":false},{"kind":"binary","path":"C:\\Users\\admin1\\.m2\\repository\\org\\hibernate\\javax\\persistence\\hibernate-jpa-2.1-api\\1.0.0.Final\\hibernate-jpa-2.1-api-1.0.0.Final.jar","sourceContainerUrl":"file:/C:/Users/admin1/.m2/repository/org/hibernate/javax/persistence/hibernate-jpa-2.1-api/1.0.0.Final/hibernate-jpa-2.1-api-1.0.0.Final-sources.jar","javadocContainerUrl":"file:/C:/Users/admin1/.m2/repository/org/hibernate/javax/persistence/hibernate-jpa-2.1-api/1.0.0.Final/hibernate-jpa-2.1-api-1.0.0.Final-javadoc.jar","isSystem":false,"isOwn":false,"isTest":false,"isJavaContent":false},{"kind":"binary","path":"C:\\Users\\admin1\\.m2\\repository\\org\\jboss\\spec\\javax\\transaction\\jboss-transaction-api_1.2_spec\\1.0.0.Final\\jboss-transaction-api_1.2_spec-1.0.0.Final.jar","sourceContainerUrl":"file:/C:/Users/admin1/.m2/repository/org/jboss/spec/javax/transaction/jboss-transaction-api_1.2_spec/1.0.0.Final/jboss-transaction-api_1.2_spec-1.0.0.Final-sources.jar","javadocContainerUrl":"file:/C:/Users/admin1/.m2/repository/org/jboss/spec/javax/transaction/jboss-transaction-api_1.2_spec/1.0.0.Final/jboss-transaction-api_1.2_spec-1.0.0.Final-javadoc.jar","isSystem":false,"isOwn":false,"isTest":false,"isJavaContent":false},{"kind":"binary","path":"C:\\Users\\admin1\\.m2\\repository\\org\\javassist\\javassist\\3.18.1-GA\\javassist-3.18.1-GA.jar","sourceContainerUrl":"file:/C:/Users/admin1/.m2/repository/org/javassist/javassist/3.18.1-GA/javassist-3.18.1-GA-sources.jar","javadocContainerUrl":"file:/C:/Users/admin1/.m2/repository/org/javassist/javassist/3.18.1-GA/javassist-3.18.1-GA-javadoc.jar","isSystem":false,"isOwn":false,"isTest":false,"isJavaContent":false},{"kind":"binary","path":"C:\\Users\\admin1\\.m2\\repository\\mysql\\mysql-connector-java\\8.0.12\\mysql-connector-java-8.0.12.jar","sourceContainerUrl":"file:/C:/Users/admin1/.m2/repository/mysql/mysql-connector-java/8.0.12/mysql-connector-java-8.0.12-sources.jar","isSystem":false,"isOwn":false,"isTest":false,"isJavaContent":false},{"kind":"binary","path":"C:\\Users\\admin1\\.m2\\repository\\com\\google\\protobuf\\protobuf-java\\2.5.0\\protobuf-java-2.5.0.jar","sourceContainerUrl":"file:/C:/Users/admin1/.m2/repository/com/google/protobuf/protobuf-java/2.5.0/protobuf-java-2.5.0-sources.jar","javadocContainerUrl":"file:/C:/Users/admin1/.m2/repository/com/google/protobuf/protobuf-java/2.5.0/protobuf-java-2.5.0-javadoc.jar","isSystem":false,"isOwn":false,"isTest":false,"isJavaContent":false},{"kind":"binary","path":"C:\\Users\\admin1\\.m2\\repository\\commons-logging\\commons-logging\\1.2\\commons-logging-1.2.jar","sourceContainerUrl":"file:/C:/Users/admin1/.m2/repository/commons-logging/commons-logging/1.2/commons-logging-1.2-sources.jar","javadocContainerUrl":"file:/C:/Users/admin1/.m2/repository/commons-logging/commons-logging/1.2/commons-logging-1.2-javadoc.jar","isSystem":false,"isOwn":false,"isTest":false,"isJavaContent":false},{"kind":"binary","path":"C:\\Users\\admin1\\.m2\\repository\\log4j\\log4j\\1.2.17\\log4j-1.2.17.jar","sourceContainerUrl":"file:/C:/Users/admin1/.m2/repository/log4j/log4j/1.2.17/log4j-1.2.17-sources.jar","javadocContainerUrl":"file:/C:/Users/admin1/.m2/repository/log4j/log4j/1.2.17/log4j-1.2.17-javadoc.jar","isSystem":false,"isOwn":false,"isTest":false,"isJavaContent":false},{"kind":"binary","path":"C:\\Users\\admin1\\.m2\\repository\\org\\slf4j\\slf4j-log4j12\\1.7.21\\slf4j-log4j12-1.7.21.jar","sourceContainerUrl":"file:/C:/Users/admin1/.m2/repository/org/slf4j/slf4j-log4j12/1.7.21/slf4j-log4j12-1.7.21-sources.jar","javadocContainerUrl":"file:/C:/Users/admin1/.m2/repository/org/slf4j/slf4j-log4j12/1.7.21/slf4j-log4j12-1.7.21-javadoc.jar","isSystem":false,"isOwn":false,"isTest":false,"isJavaContent":false},{"kind":"binary","path":"C:\\Users\\admin1\\.m2\\repository\\org\\slf4j\\slf4j-api\\1.7.21\\slf4j-api-1.7.21.jar","sourceContainerUrl":"file:/C:/Users/admin1/.m2/repository/org/slf4j/slf4j-api/1.7.21/slf4j-api-1.7.21-sources.jar","javadocContainerUrl":"file:/C:/Users/admin1/.m2/repository/org/slf4j/slf4j-api/1.7.21/slf4j-api-1.7.21-javadoc.jar","isSystem":false,"isOwn":false,"isTest":false,"isJavaContent":false},{"kind":"source","path":"C:\\Users\\admin1\\EA\\workspace\\SecurityAuthGroupPermRule\\src\\main\\java","outputFolder":"C:\\Users\\admin1\\EA\\workspace\\SecurityAuthGroupPermRule\\target\\classes","javadocContainerUrl":"file:/C:/Users/admin1/EA/workspace/SecurityAuthGroupPermRule/target/site/apidocs","isSystem":false,"isOwn":true,"isTest":false,"isJavaContent":true},{"kind":"source","path":"C:\\Users\\admin1\\EA\\workspace\\SecurityAuthGroupPermRule\\src\\test\\java","outputFolder":"C:\\Users\\admin1\\EA\\workspace\\SecurityAuthGroupPermRule\\target\\test-classes","javadocContainerUrl":"file:/C:/Users/admin1/EA/workspace/SecurityAuthGroupPermRule/target/site/apidocs","isSystem":false,"isOwn":true,"isTest":true,"isJavaContent":true},{"kind":"source","path":"C:\\Users\\admin1\\EA\\workspace\\SecurityAuthGroupPermRule\\src\\main\\resources","outputFolder":"C:\\Users\\admin1\\EA\\workspace\\SecurityAuthGroupPermRule\\target\\classes","isSystem":false,"isOwn":true,"isTest":false,"isJavaContent":false},{"kind":"source","path":"C:\\Users\\admin1\\EA\\workspace\\SecurityAuthGroupPermRule\\src\\test\\resources","outputFolder":"C:\\Users\\admin1\\EA\\workspace\\SecurityAuthGroupPermRule\\target\\test-classes","isSystem":false,"isOwn":true,"isTest":true,"isJavaContent":false},{"kind":"source","path":"C:\\Users\\admin1\\EA\\workspace\\SecurityAuthGroupPermRule\\src\\test\\java","outputFolder":"C:\\Users\\admin1\\EA\\workspace\\SecurityAuthGroupPermRule\\target\\test-classes","javadocContainerUrl":"file:/C:/Users/admin1/EA/workspace/SecurityAuthGroupPermRule/target/site/apidocs","isSystem":false,"isOwn":true,"isTest":false,"isJavaContent":false}]}