<?xml version="1.0" encoding="UTF-8"?>
<beans xmlns="http://www.springframework.org/schema/beans"
	xmlns:xsi="http://www.w3.org/2001/XMLSchema-instance"
	xmlns:context="http://www.springframework.org/schema/context"
	xmlns:mvc="http://www.springframework.org/schema/mvc"
	xmlns:security="http://www.springframework.org/schema/security"
	xsi:schemaLocation="http://www.springframework.org/schema/mvc http://www.springframework.org/schema/mvc/spring-mvc.xsd
		http://www.springframework.org/schema/security http://www.springframework.org/schema/security/spring-security.xsd
		http://www.springframework.org/schema/beans http://www.springframework.org/schema/beans/spring-beans.xsd
		http://www.springframework.org/schema/context http://www.springframework.org/schema/context/spring-context.xsd">

<!-- enable Method level [vs URL level] authorization  This work for ROOT WEB APPLICATION Level scanned components
      Does NOT recognize WEB Application level components - for THAT  need to place enable line in Dispatcher-servlet-->
	<security:global-method-security pre-post-annotations="enabled"/>	
 
 
	<security:http use-expressions="true">

 		<!-- Implemented with Web based URL - basically Controller "METHOD" level authorization -->
	<!-- the more specific rules need to come first, followed by the more general ones. -->
	  <security:intercept-url pattern="/members" access="hasAnyRole('ROLE_ADMIN','ROLE_USER')"/>  	
 	  <security:intercept-url pattern="/members/add" access="hasRole('ROLE_ADMIN')"/>  	
 	
  		<security:form-login 
 		 login-page="/login" 
				login-processing-url="/postLogin"
				username-parameter="username" 
				password-parameter="password"
 			    default-target-url="/welcome"    
               always-use-default-target="true"   
               authentication-failure-url="/loginfailed"/>

         <security:logout logout-success-url="/logout" 
          delete-cookies="JSESSIONID" logout-url= "/doLogout"/>
         
		<security:csrf disabled="true"/>
 	</security:http>
	
 <!-- Database security "custom queries are because we have used our own schema...	-->
	<security:authentication-manager alias="authenticationManager">
		<security:authentication-provider>
			<security:password-encoder hash="bcrypt" />
			<security:jdbc-user-service
				data-source-ref="dataSource"
				users-by-username-query="select username,password,enabled from credentials where username=?"
				authorities-by-username-query="select u1.username, u2.authority from credentials u1, authority u2 where u1.username = u2.username and u1.username =?" />
		</security:authentication-provider>
	</security:authentication-manager>


 </beans>
