<?xml version="1.0" encoding="UTF-8"?>
<beans:beans xmlns="http://www.springframework.org/schema/integration"
	xmlns:xsi="http://www.w3.org/2001/XMLSchema-instance"
	xmlns:beans="http://www.springframework.org/schema/beans"
    xmlns:amqp="http://www.springframework.org/schema/integration/amqp"
	xmlns:jms="http://www.springframework.org/schema/integration/jms"
 	xmlns:stream="http://www.springframework.org/schema/integration/stream"
	xsi:schemaLocation="http://www.springframework.org/schema/beans
			http://www.springframework.org/schema/beans/spring-beans.xsd
			http://www.springframework.org/schema/context
			http://www.springframework.org/schema/context/spring-context.xsd
			http://www.springframework.org/schema/integration
			http://www.springframework.org/schema/integration/spring-integration.xsd
 			http://www.springframework.org/schema/integration/amqp 
 				http://www.springframework.org/schema/integration/amqp/spring-integration-amqp.xsd
     		http://www.springframework.org/schema/integration/jms
			http://www.springframework.org/schema/integration/jms/spring-integration-jms.xsd
			http://www.springframework.org/schema/integration/stream
			http://www.springframework.org/schema/integration/stream/spring-integration-stream.xsd">

     <gateway id="order" service-interface="edu.mum.integration.OrderGateway"
     default-request-channel="inputOrder"/>
 
	<channel id="inputOrder" />

 <bridge input-channel='inputOrder' output-channel='processOrder'/>
 
	<channel id="fromAmqpOrder" />
 	<amqp:inbound-channel-adapter channel="fromAmqpOrder"
		queue-names="purchasesPhone" connection-factory="amqpConnectionFactory" />

    <transformer id="transformOrder" ref="orderTransformer"  input-channel="fromAmqpOrder" output-channel="transformedOrder" />

<!-- input order && transformedOrder need to go to JMS -->
<bridge input-channel='transformedOrder' output-channel='processOrder'/>

 	<channel id="processOrder" />
 	<jms:outbound-channel-adapter id="jmsoutWarehouse" channel="processOrder" destination="warehouseQueue"/>
 
 <beans:bean id="orderTransformer" class="edu.mum.integration.OrderTransformerImpl" />
 	
 </beans:beans>
