<?xml version="1.0" encoding="UTF-8"?>
<beans:beans xmlns="http://www.springframework.org/schema/integration"
	xmlns:xsi="http://www.w3.org/2001/XMLSchema-instance"
	xmlns:beans="http://www.springframework.org/schema/beans"
    xmlns:amqp="http://www.springframework.org/schema/integration/amqp"
	xmlns:jms="http://www.springframework.org/schema/integration/jms"
	xmlns:mail="http://www.springframework.org/schema/integration/mail"
	xmlns:stream="http://www.springframework.org/schema/integration/stream"
	xsi:schemaLocation="http://www.springframework.org/schema/beans
			http://www.springframework.org/schema/beans/spring-beans.xsd
			http://www.springframework.org/schema/context
			http://www.springframework.org/schema/context/spring-context.xsd
			http://www.springframework.org/schema/integration
			http://www.springframework.org/schema/integration/spring-integration.xsd
 			http://www.springframework.org/schema/integration/mail
    		http://www.springframework.org/schema/integration/mail/spring-integration-mail.xsd
 			http://www.springframework.org/schema/integration/amqp 
 				http://www.springframework.org/schema/integration/amqp/spring-integration-amqp.xsd
    		http://www.springframework.org/schema/integration/jms
			http://www.springframework.org/schema/integration/jms/spring-integration-jms.xsd
			http://www.springframework.org/schema/integration/stream
			http://www.springframework.org/schema/integration/stream/spring-integration-stream.xsd">

 
     <gateway id="order" service-interface="edu.mum.integration.OrderGateway"
			 default-request-channel="processOrder"/>
 
	<channel id="processOrder" />

  <!-- "ref" refers to custom Router:ordeRouter "method" is the message channel -->
 	<router input-channel="processOrder" ref="orderRouter" method="processOrder"/>

	<channel id="pickupProcess" />

<recipient-list-router id="customerRouter" input-channel="pickupProcess" >
  <recipient channel="pickupOrder"/>
  <recipient channel="mailChannel"/>
</recipient-list-router>

	<channel id="pickupOrder" />
	<channel id="deliveryOrder" />

    <channel id="warehouseDelivery"/>
    <channel id="albiaPickup"/>

<!-- bridge between Direct channel &  JMS outbound channel-->
    <bridge input-channel="pickupOrder" output-channel="albiaPickup" />
    <bridge input-channel="deliveryOrder" output-channel="warehouseDelivery" />
 
	<jms:outbound-channel-adapter id="jmsoutAlbia" channel="albiaPickup" destination="albiaQueue"/>
	<jms:outbound-channel-adapter id="jmsoutWarehouse" channel="warehouseDelivery" destination="warehouseQueue"/>

	<!--  -->
	<chain input-channel="mailChannel">
 	    <service-activator id="emailActivator" ref="emailService"/>
	    <mail:outbound-channel-adapter id="emailSender" mail-sender="mailSender" />
	</chain>
	
		<channel id="fromAmqpOrder" />
 	<amqp:inbound-channel-adapter channel="fromAmqpOrder"
		queue-names="purchasesPhone" connection-factory="amqpConnectionFactory" />

    <transformer id="transformOrder" ref="orderTransformer"  input-channel="fromAmqpOrder" output-channel="transformedOrder" />
 	<beans:bean id="orderTransformer" class="edu.mum.integration.OrderTransformerImpl" />

<!-- input order && transformedOrder need to go to JMS -->
<bridge input-channel='transformedOrder' output-channel='warehouseDelivery'/>
	
	
</beans:beans>
