<?xml version="1.0" encoding="UTF-8"?>

<!-- For assistance related to logback-translator or configuration  -->
<!-- files in general, please contact the logback user mailing list -->
<!-- at http://www.qos.ch/mailman/listinfo/logback-user             -->
<!--                                                                -->
<!-- For professional support please see                            -->
<!--    http://www.qos.ch/shop/products/professionalSupport         -->
<!--                                                                -->
<configuration>
  <appender name="stdout" class="ch.qos.logback.core.ConsoleAppender">
    <Target>System.out</Target>
    <encoder>
      <pattern>%d{"HH:mm:ss,SSS"} %5p %c{1}:%L - %m%n</pattern>
    </encoder>
  </appender>
  <logger name="org.hibernate" level="warn"/>
  <root level="warn">
    <appender-ref ref="stdout"/>
  </root>
</configuration>