<?xml version="1.0" encoding="UTF-8"?>
<beans xmlns="http://www.springframework.org/schema/beans"
       xmlns:xsi="http://www.w3.org/2001/XMLSchema-instance"
 	xmlns:context="http://www.springframework.org/schema/context"
       xmlns:rabbit="http://www.springframework.org/schema/rabbit"
       xsi:schemaLocation="http://www.springframework.org/schema/beans
        http://www.springframework.org/schema/beans/spring-beans.xsd
  	     http://www.springframework.org/schema/context 
  	     http://www.springframework.org/schema/context/spring-context.xsd
        http://www.springframework.org/schema/rabbit
        http://www.springframework.org/schema/rabbit/spring-rabbit.xsd">

    <rabbit:connection-factory id="connectionFactory" host="localhost" username="joe" password="joe"/>

<!--  Durable (the queue will survive a broker restart) 
      Exclusive (used by only one connection and the queue will be deleted when that connection closes) 
      Auto-delete (queue that has had at least one consumer is deleted when last consumer unsubscribes) -->
  <!-- Permanent queue durable="true" auto-delete="false" -->
    <rabbit:queue name="purchasesStore" durable="true" auto-delete="false" exclusive="false"/>
	 
    <rabbit:topic-exchange name="order">
        <rabbit:bindings>
               <rabbit:binding queue="purchasesStore" pattern="purchases.store.#" />
         </rabbit:bindings>
    </rabbit:topic-exchange>

 <rabbit:listener-container connection-factory="connectionFactory">
 	<rabbit:listener ref="orderListenerStore" method="listen" queue-names="purchasesStore" />
</rabbit:listener-container>

 <bean id="orderListenerStore" class="edu.mum.amqp.OrderListenerStore" />

     <rabbit:admin connection-factory="connectionFactory" />
<!--     	<context:component-scan base-package="edu.mum" /> -->
 
</beans>
