<?xml version="1.0" encoding="UTF-8"?>
<beans xmlns="http://www.springframework.org/schema/beans"
       xmlns:xsi="http://www.w3.org/2001/XMLSchema-instance"
 	xmlns:context="http://www.springframework.org/schema/context"
       xmlns:rabbit="http://www.springframework.org/schema/rabbit"
       xsi:schemaLocation="http://www.springframework.org/schema/beans
        http://www.springframework.org/schema/beans/spring-beans.xsd
  	     http://www.springframework.org/schema/context 
  	     http://www.springframework.org/schema/context/spring-context.xsd
        http://www.springframework.org/schema/rabbit
        http://www.springframework.org/schema/rabbit/spring-rabbit.xsd">

    <rabbit:connection-factory id="connectionFactory" host="localhost" username="joe" password="joe"/>

  <!-- Dynamic queue -->
    <rabbit:queue name="purchasesOnlineClassic" durable="true" auto-delete="false" exclusive="false"/>
	<!--  Bind the dynamic queue -->
    <rabbit:topic-exchange name="order">
        <rabbit:bindings>
               <rabbit:binding queue="purchasesOnlineClassic" pattern="purchases.online.classic" />
         </rabbit:bindings>
    </rabbit:topic-exchange>

 <rabbit:listener-container connection-factory="connectionFactory">
 	<rabbit:listener ref="orderListenerOnlineClassic" method="listen" queue-names="purchasesOnlineClassic" />
</rabbit:listener-container>

 <bean id="orderListenerOnlineClassic" class="edu.mum.amqp.OrderListenerOnlineClassic" />

     <rabbit:admin connection-factory="connectionFactory" />
 
</beans>
