{"name":"EAIBusFinal","classpathEntries":[{"kind":"binary","path":"C:\\Program Files\\Java\\jdk-10.0.2\\lib\\jrt-fs.jar","sourceContainerUrl":"file:/C:/Program%20Files/Java/jdk-10.0.2/lib/src.zip","javadocContainerUrl":"https://docs.oracle.com/javase/10/docs/api/","isSystem":true,"isOwn":false,"isTest":false,"isJavaContent":false},{"kind":"binary","path":"C:\\Users\\admin1\\.m2\\repository\\org\\springframework\\spring-webmvc\\4.2.4.RELEASE\\spring-webmvc-4.2.4.RELEASE.jar","sourceContainerUrl":"file:/C:/Users/admin1/.m2/repository/org/springframework/spring-webmvc/4.2.4.RELEASE/spring-webmvc-4.2.4.RELEASE-sources.jar","javadocContainerUrl":"file:/C:/Users/admin1/.m2/repository/org/springframework/spring-webmvc/4.2.4.RELEASE/spring-webmvc-4.2.4.RELEASE-javadoc.jar","isSystem":false,"isOwn":false,"isTest":false,"isJavaContent":false},{"kind":"binary","path":"C:\\Users\\admin1\\.m2\\repository\\org\\springframework\\spring-beans\\4.2.4.RELEASE\\spring-beans-4.2.4.RELEASE.jar","sourceContainerUrl":"file:/C:/Users/admin1/.m2/repository/org/springframework/spring-beans/4.2.4.RELEASE/spring-beans-4.2.4.RELEASE-sources.jar","javadocContainerUrl":"file:/C:/Users/admin1/.m2/repository/org/springframework/spring-beans/4.2.4.RELEASE/spring-beans-4.2.4.RELEASE-javadoc.jar","isSystem":false,"isOwn":false,"isTest":false,"isJavaContent":false},{"kind":"binary","path":"C:\\Users\\admin1\\.m2\\repository\\org\\springframework\\spring-context\\4.2.4.RELEASE\\spring-context-4.2.4.RELEASE.jar","sourceContainerUrl":"file:/C:/Users/admin1/.m2/repository/org/springframework/spring-context/4.2.4.RELEASE/spring-context-4.2.4.RELEASE-sources.jar","javadocContainerUrl":"file:/C:/Users/admin1/.m2/repository/org/springframework/spring-context/4.2.4.RELEASE/spring-context-4.2.4.RELEASE-javadoc.jar","isSystem":false,"isOwn":false,"isTest":false,"isJavaContent":false},{"kind":"binary","path":"C:\\Users\\admin1\\.m2\\repository\\org\\springframework\\spring-aop\\4.2.4.RELEASE\\spring-aop-4.2.4.RELEASE.jar","sourceContainerUrl":"file:/C:/Users/admin1/.m2/repository/org/springframework/spring-aop/4.2.4.RELEASE/spring-aop-4.2.4.RELEASE-sources.jar","javadocContainerUrl":"file:/C:/Users/admin1/.m2/repository/org/springframework/spring-aop/4.2.4.RELEASE/spring-aop-4.2.4.RELEASE-javadoc.jar","isSystem":false,"isOwn":false,"isTest":false,"isJavaContent":false},{"kind":"binary","path":"C:\\Users\\admin1\\.m2\\repository\\aopalliance\\aopalliance\\1.0\\aopalliance-1.0.jar","sourceContainerUrl":"file:/C:/Users/admin1/.m2/repository/aopalliance/aopalliance/1.0/aopalliance-1.0-sources.jar","isSystem":false,"isOwn":false,"isTest":false,"isJavaContent":false},{"kind":"binary","path":"C:\\Users\\admin1\\.m2\\repository\\org\\springframework\\spring-core\\4.2.4.RELEASE\\spring-core-4.2.4.RELEASE.jar","sourceContainerUrl":"file:/C:/Users/admin1/.m2/repository/org/springframework/spring-core/4.2.4.RELEASE/spring-core-4.2.4.RELEASE-sources.jar","javadocContainerUrl":"file:/C:/Users/admin1/.m2/repository/org/springframework/spring-core/4.2.4.RELEASE/spring-core-4.2.4.RELEASE-javadoc.jar","isSystem":false,"isOwn":false,"isTest":false,"isJavaContent":false},{"kind":"binary","path":"C:\\Users\\admin1\\.m2\\repository\\commons-logging\\commons-logging\\1.2\\commons-logging-1.2.jar","sourceContainerUrl":"file:/C:/Users/admin1/.m2/repository/commons-logging/commons-logging/1.2/commons-logging-1.2-sources.jar","javadocContainerUrl":"file:/C:/Users/admin1/.m2/repository/commons-logging/commons-logging/1.2/commons-logging-1.2-javadoc.jar","isSystem":false,"isOwn":false,"isTest":false,"isJavaContent":false},{"kind":"binary","path":"C:\\Users\\admin1\\.m2\\repository\\org\\springframework\\spring-expression\\4.2.4.RELEASE\\spring-expression-4.2.4.RELEASE.jar","sourceContainerUrl":"file:/C:/Users/admin1/.m2/repository/org/springframework/spring-expression/4.2.4.RELEASE/spring-expression-4.2.4.RELEASE-sources.jar","javadocContainerUrl":"file:/C:/Users/admin1/.m2/repository/org/springframework/spring-expression/4.2.4.RELEASE/spring-expression-4.2.4.RELEASE-javadoc.jar","isSystem":false,"isOwn":false,"isTest":false,"isJavaContent":false},{"kind":"binary","path":"C:\\Users\\admin1\\.m2\\repository\\org\\springframework\\spring-web\\4.2.4.RELEASE\\spring-web-4.2.4.RELEASE.jar","sourceContainerUrl":"file:/C:/Users/admin1/.m2/repository/org/springframework/spring-web/4.2.4.RELEASE/spring-web-4.2.4.RELEASE-sources.jar","javadocContainerUrl":"file:/C:/Users/admin1/.m2/repository/org/springframework/spring-web/4.2.4.RELEASE/spring-web-4.2.4.RELEASE-javadoc.jar","isSystem":false,"isOwn":false,"isTest":false,"isJavaContent":false},{"kind":"binary","path":"C:\\Users\\admin1\\.m2\\repository\\org\\springframework\\integration\\spring-integration-jms\\4.2.4.RELEASE\\spring-integration-jms-4.2.4.RELEASE.jar","sourceContainerUrl":"file:/C:/Users/admin1/.m2/repository/org/springframework/integration/spring-integration-jms/4.2.4.RELEASE/spring-integration-jms-4.2.4.RELEASE-sources.jar","javadocContainerUrl":"file:/C:/Users/admin1/.m2/repository/org/springframework/integration/spring-integration-jms/4.2.4.RELEASE/spring-integration-jms-4.2.4.RELEASE-javadoc.jar","isSystem":false,"isOwn":false,"isTest":false,"isJavaContent":false},{"kind":"binary","path":"C:\\Users\\admin1\\.m2\\repository\\org\\springframework\\integration\\spring-integration-core\\4.2.4.RELEASE\\spring-integration-core-4.2.4.RELEASE.jar","sourceContainerUrl":"file:/C:/Users/admin1/.m2/repository/org/springframework/integration/spring-integration-core/4.2.4.RELEASE/spring-integration-core-4.2.4.RELEASE-sources.jar","javadocContainerUrl":"file:/C:/Users/admin1/.m2/repository/org/springframework/integration/spring-integration-core/4.2.4.RELEASE/spring-integration-core-4.2.4.RELEASE-javadoc.jar","isSystem":false,"isOwn":false,"isTest":false,"isJavaContent":false},{"kind":"binary","path":"C:\\Users\\admin1\\.m2\\repository\\org\\springframework\\spring-jms\\4.2.4.RELEASE\\spring-jms-4.2.4.RELEASE.jar","sourceContainerUrl":"file:/C:/Users/admin1/.m2/repository/org/springframework/spring-jms/4.2.4.RELEASE/spring-jms-4.2.4.RELEASE-sources.jar","javadocContainerUrl":"file:/C:/Users/admin1/.m2/repository/org/springframework/spring-jms/4.2.4.RELEASE/spring-jms-4.2.4.RELEASE-javadoc.jar","isSystem":false,"isOwn":false,"isTest":false,"isJavaContent":false},{"kind":"binary","path":"C:\\Users\\admin1\\.m2\\repository\\org\\springframework\\integration\\spring-integration-mail\\4.2.4.RELEASE\\spring-integration-mail-4.2.4.RELEASE.jar","sourceContainerUrl":"file:/C:/Users/admin1/.m2/repository/org/springframework/integration/spring-integration-mail/4.2.4.RELEASE/spring-integration-mail-4.2.4.RELEASE-sources.jar","javadocContainerUrl":"file:/C:/Users/admin1/.m2/repository/org/springframework/integration/spring-integration-mail/4.2.4.RELEASE/spring-integration-mail-4.2.4.RELEASE-javadoc.jar","isSystem":false,"isOwn":false,"isTest":false,"isJavaContent":false},{"kind":"binary","path":"C:\\Users\\admin1\\.m2\\repository\\org\\apache\\activemq\\activemq-broker\\5.12.1\\activemq-broker-5.12.1.jar","sourceContainerUrl":"file:/C:/Users/admin1/.m2/repository/org/apache/activemq/activemq-broker/5.12.1/activemq-broker-5.12.1-sources.jar","javadocContainerUrl":"file:/C:/Users/admin1/.m2/repository/org/apache/activemq/activemq-broker/5.12.1/activemq-broker-5.12.1-javadoc.jar","isSystem":false,"isOwn":false,"isTest":false,"isJavaContent":false},{"kind":"binary","path":"C:\\Users\\admin1\\.m2\\repository\\org\\apache\\activemq\\activemq-client\\5.12.1\\activemq-client-5.12.1.jar","sourceContainerUrl":"file:/C:/Users/admin1/.m2/repository/org/apache/activemq/activemq-client/5.12.1/activemq-client-5.12.1-sources.jar","javadocContainerUrl":"file:/C:/Users/admin1/.m2/repository/org/apache/activemq/activemq-client/5.12.1/activemq-client-5.12.1-javadoc.jar","isSystem":false,"isOwn":false,"isTest":false,"isJavaContent":false},{"kind":"binary","path":"C:\\Users\\admin1\\.m2\\repository\\org\\apache\\geronimo\\specs\\geronimo-jms_1.1_spec\\1.1.1\\geronimo-jms_1.1_spec-1.1.1.jar","sourceContainerUrl":"file:/C:/Users/admin1/.m2/repository/org/apache/geronimo/specs/geronimo-jms_1.1_spec/1.1.1/geronimo-jms_1.1_spec-1.1.1-sources.jar","javadocContainerUrl":"file:/C:/Users/admin1/.m2/repository/org/apache/geronimo/specs/geronimo-jms_1.1_spec/1.1.1/geronimo-jms_1.1_spec-1.1.1-javadoc.jar","isSystem":false,"isOwn":false,"isTest":false,"isJavaContent":false},{"kind":"binary","path":"C:\\Users\\admin1\\.m2\\repository\\org\\fusesource\\hawtbuf\\hawtbuf\\1.11\\hawtbuf-1.11.jar","sourceContainerUrl":"file:/C:/Users/admin1/.m2/repository/org/fusesource/hawtbuf/hawtbuf/1.11/hawtbuf-1.11-sources.jar","javadocContainerUrl":"file:/C:/Users/admin1/.m2/repository/org/fusesource/hawtbuf/hawtbuf/1.11/hawtbuf-1.11-javadoc.jar","isSystem":false,"isOwn":false,"isTest":false,"isJavaContent":false},{"kind":"binary","path":"C:\\Users\\admin1\\.m2\\repository\\org\\apache\\activemq\\activemq-openwire-legacy\\5.12.1\\activemq-openwire-legacy-5.12.1.jar","sourceContainerUrl":"file:/C:/Users/admin1/.m2/repository/org/apache/activemq/activemq-openwire-legacy/5.12.1/activemq-openwire-legacy-5.12.1-sources.jar","javadocContainerUrl":"file:/C:/Users/admin1/.m2/repository/org/apache/activemq/activemq-openwire-legacy/5.12.1/activemq-openwire-legacy-5.12.1-javadoc.jar","isSystem":false,"isOwn":false,"isTest":false,"isJavaContent":false},{"kind":"binary","path":"C:\\Users\\admin1\\.m2\\repository\\org\\apache\\activemq\\activemq-kahadb-store\\5.12.1\\activemq-kahadb-store-5.12.1.jar","sourceContainerUrl":"file:/C:/Users/admin1/.m2/repository/org/apache/activemq/activemq-kahadb-store/5.12.1/activemq-kahadb-store-5.12.1-sources.jar","javadocContainerUrl":"file:/C:/Users/admin1/.m2/repository/org/apache/activemq/activemq-kahadb-store/5.12.1/activemq-kahadb-store-5.12.1-javadoc.jar","isSystem":false,"isOwn":false,"isTest":false,"isJavaContent":false},{"kind":"binary","path":"C:\\Users\\admin1\\.m2\\repository\\org\\apache\\activemq\\protobuf\\activemq-protobuf\\1.1\\activemq-protobuf-1.1.jar","sourceContainerUrl":"file:/C:/Users/admin1/.m2/repository/org/apache/activemq/protobuf/activemq-protobuf/1.1/activemq-protobuf-1.1-sources.jar","javadocContainerUrl":"file:/C:/Users/admin1/.m2/repository/org/apache/activemq/protobuf/activemq-protobuf/1.1/activemq-protobuf-1.1-javadoc.jar","isSystem":false,"isOwn":false,"isTest":false,"isJavaContent":false},{"kind":"binary","path":"C:\\Users\\admin1\\.m2\\repository\\org\\apache\\geronimo\\specs\\geronimo-j2ee-management_1.1_spec\\1.0.1\\geronimo-j2ee-management_1.1_spec-1.0.1.jar","sourceContainerUrl":"file:/C:/Users/admin1/.m2/repository/org/apache/geronimo/specs/geronimo-j2ee-management_1.1_spec/1.0.1/geronimo-j2ee-management_1.1_spec-1.0.1-sources.jar","javadocContainerUrl":"file:/C:/Users/admin1/.m2/repository/org/apache/geronimo/specs/geronimo-j2ee-management_1.1_spec/1.0.1/geronimo-j2ee-management_1.1_spec-1.0.1-javadoc.jar","isSystem":false,"isOwn":false,"isTest":false,"isJavaContent":false},{"kind":"binary","path":"C:\\Users\\admin1\\.m2\\repository\\commons-net\\commons-net\\3.3\\commons-net-3.3.jar","sourceContainerUrl":"file:/C:/Users/admin1/.m2/repository/commons-net/commons-net/3.3/commons-net-3.3-sources.jar","javadocContainerUrl":"file:/C:/Users/admin1/.m2/repository/commons-net/commons-net/3.3/commons-net-3.3-javadoc.jar","isSystem":false,"isOwn":false,"isTest":false,"isJavaContent":false},{"kind":"binary","path":"C:\\Users\\admin1\\.m2\\repository\\org\\springframework\\integration\\spring-integration-test\\4.2.4.RELEASE\\spring-integration-test-4.2.4.RELEASE.jar","sourceContainerUrl":"file:/C:/Users/admin1/.m2/repository/org/springframework/integration/spring-integration-test/4.2.4.RELEASE/spring-integration-test-4.2.4.RELEASE-sources.jar","javadocContainerUrl":"file:/C:/Users/admin1/.m2/repository/org/springframework/integration/spring-integration-test/4.2.4.RELEASE/spring-integration-test-4.2.4.RELEASE-javadoc.jar","isSystem":false,"isOwn":false,"isTest":false,"isJavaContent":false},{"kind":"binary","path":"C:\\Users\\admin1\\.m2\\repository\\junit\\junit\\4.12\\junit-4.12.jar","sourceContainerUrl":"file:/C:/Users/admin1/.m2/repository/junit/junit/4.12/junit-4.12-sources.jar","javadocContainerUrl":"file:/C:/Users/admin1/.m2/repository/junit/junit/4.12/junit-4.12-javadoc.jar","isSystem":false,"isOwn":false,"isTest":false,"isJavaContent":false},{"kind":"binary","path":"C:\\Users\\admin1\\.m2\\repository\\org\\hamcrest\\hamcrest-all\\1.3\\hamcrest-all-1.3.jar","sourceContainerUrl":"file:/C:/Users/admin1/.m2/repository/org/hamcrest/hamcrest-all/1.3/hamcrest-all-1.3-sources.jar","javadocContainerUrl":"file:/C:/Users/admin1/.m2/repository/org/hamcrest/hamcrest-all/1.3/hamcrest-all-1.3-javadoc.jar","isSystem":false,"isOwn":false,"isTest":false,"isJavaContent":false},{"kind":"binary","path":"C:\\Users\\admin1\\.m2\\repository\\org\\springframework\\spring-test\\4.2.4.RELEASE\\spring-test-4.2.4.RELEASE.jar","sourceContainerUrl":"file:/C:/Users/admin1/.m2/repository/org/springframework/spring-test/4.2.4.RELEASE/spring-test-4.2.4.RELEASE-sources.jar","javadocContainerUrl":"file:/C:/Users/admin1/.m2/repository/org/springframework/spring-test/4.2.4.RELEASE/spring-test-4.2.4.RELEASE-javadoc.jar","isSystem":false,"isOwn":false,"isTest":false,"isJavaContent":false},{"kind":"binary","path":"C:\\Users\\admin1\\.m2\\repository\\org\\mockito\\mockito-core\\1.10.19\\mockito-core-1.10.19.jar","sourceContainerUrl":"file:/C:/Users/admin1/.m2/repository/org/mockito/mockito-core/1.10.19/mockito-core-1.10.19-sources.jar","javadocContainerUrl":"file:/C:/Users/admin1/.m2/repository/org/mockito/mockito-core/1.10.19/mockito-core-1.10.19-javadoc.jar","isSystem":false,"isOwn":false,"isTest":false,"isJavaContent":false},{"kind":"binary","path":"C:\\Users\\admin1\\.m2\\repository\\org\\objenesis\\objenesis\\2.1\\objenesis-2.1.jar","sourceContainerUrl":"file:/C:/Users/admin1/.m2/repository/org/objenesis/objenesis/2.1/objenesis-2.1-sources.jar","javadocContainerUrl":"file:/C:/Users/admin1/.m2/repository/org/objenesis/objenesis/2.1/objenesis-2.1-javadoc.jar","isSystem":false,"isOwn":false,"isTest":false,"isJavaContent":false},{"kind":"binary","path":"C:\\Users\\admin1\\.m2\\repository\\log4j\\log4j\\1.2.17\\log4j-1.2.17.jar","sourceContainerUrl":"file:/C:/Users/admin1/.m2/repository/log4j/log4j/1.2.17/log4j-1.2.17-sources.jar","javadocContainerUrl":"file:/C:/Users/admin1/.m2/repository/log4j/log4j/1.2.17/log4j-1.2.17-javadoc.jar","isSystem":false,"isOwn":false,"isTest":false,"isJavaContent":false},{"kind":"binary","path":"C:\\Users\\admin1\\.m2\\repository\\org\\slf4j\\slf4j-log4j12\\1.7.13\\slf4j-log4j12-1.7.13.jar","sourceContainerUrl":"file:/C:/Users/admin1/.m2/repository/org/slf4j/slf4j-log4j12/1.7.13/slf4j-log4j12-1.7.13-sources.jar","javadocContainerUrl":"file:/C:/Users/admin1/.m2/repository/org/slf4j/slf4j-log4j12/1.7.13/slf4j-log4j12-1.7.13-javadoc.jar","isSystem":false,"isOwn":false,"isTest":false,"isJavaContent":false},{"kind":"binary","path":"C:\\Users\\admin1\\.m2\\repository\\org\\slf4j\\slf4j-api\\1.7.13\\slf4j-api-1.7.13.jar","sourceContainerUrl":"file:/C:/Users/admin1/.m2/repository/org/slf4j/slf4j-api/1.7.13/slf4j-api-1.7.13-sources.jar","javadocContainerUrl":"file:/C:/Users/admin1/.m2/repository/org/slf4j/slf4j-api/1.7.13/slf4j-api-1.7.13-javadoc.jar","isSystem":false,"isOwn":false,"isTest":false,"isJavaContent":false},{"kind":"binary","path":"C:\\Users\\admin1\\.m2\\repository\\javax\\mail\\mail\\1.4\\mail-1.4.jar","sourceContainerUrl":"file:/C:/Users/admin1/.m2/repository/javax/mail/mail/1.4/mail-1.4-sources.jar","isSystem":false,"isOwn":false,"isTest":false,"isJavaContent":false},{"kind":"binary","path":"C:\\Users\\admin1\\.m2\\repository\\javax\\activation\\activation\\1.1.1\\activation-1.1.1.jar","sourceContainerUrl":"file:/C:/Users/admin1/.m2/repository/javax/activation/activation/1.1.1/activation-1.1.1-sources.jar","isSystem":false,"isOwn":false,"isTest":false,"isJavaContent":false},{"kind":"binary","path":"C:\\Users\\admin1\\.m2\\repository\\org\\thymeleaf\\thymeleaf-spring4\\2.1.4.RELEASE\\thymeleaf-spring4-2.1.4.RELEASE.jar","sourceContainerUrl":"file:/C:/Users/admin1/.m2/repository/org/thymeleaf/thymeleaf-spring4/2.1.4.RELEASE/thymeleaf-spring4-2.1.4.RELEASE-sources.jar","javadocContainerUrl":"file:/C:/Users/admin1/.m2/repository/org/thymeleaf/thymeleaf-spring4/2.1.4.RELEASE/thymeleaf-spring4-2.1.4.RELEASE-javadoc.jar","isSystem":false,"isOwn":false,"isTest":false,"isJavaContent":false},{"kind":"binary","path":"C:\\Users\\admin1\\.m2\\repository\\org\\thymeleaf\\thymeleaf\\2.1.4.RELEASE\\thymeleaf-2.1.4.RELEASE.jar","sourceContainerUrl":"file:/C:/Users/admin1/.m2/repository/org/thymeleaf/thymeleaf/2.1.4.RELEASE/thymeleaf-2.1.4.RELEASE-sources.jar","javadocContainerUrl":"file:/C:/Users/admin1/.m2/repository/org/thymeleaf/thymeleaf/2.1.4.RELEASE/thymeleaf-2.1.4.RELEASE-javadoc.jar","isSystem":false,"isOwn":false,"isTest":false,"isJavaContent":false},{"kind":"binary","path":"C:\\Users\\admin1\\.m2\\repository\\ognl\\ognl\\3.0.8\\ognl-3.0.8.jar","sourceContainerUrl":"file:/C:/Users/admin1/.m2/repository/ognl/ognl/3.0.8/ognl-3.0.8-sources.jar","javadocContainerUrl":"file:/C:/Users/admin1/.m2/repository/ognl/ognl/3.0.8/ognl-3.0.8-javadoc.jar","isSystem":false,"isOwn":false,"isTest":false,"isJavaContent":false},{"kind":"binary","path":"C:\\Users\\admin1\\.m2\\repository\\org\\javassist\\javassist\\3.18.1-GA\\javassist-3.18.1-GA.jar","sourceContainerUrl":"file:/C:/Users/admin1/.m2/repository/org/javassist/javassist/3.18.1-GA/javassist-3.18.1-GA-sources.jar","javadocContainerUrl":"file:/C:/Users/admin1/.m2/repository/org/javassist/javassist/3.18.1-GA/javassist-3.18.1-GA-javadoc.jar","isSystem":false,"isOwn":false,"isTest":false,"isJavaContent":false},{"kind":"binary","path":"C:\\Users\\admin1\\.m2\\repository\\org\\unbescape\\unbescape\\1.1.0.RELEASE\\unbescape-1.1.0.RELEASE.jar","sourceContainerUrl":"file:/C:/Users/admin1/.m2/repository/org/unbescape/unbescape/1.1.0.RELEASE/unbescape-1.1.0.RELEASE-sources.jar","javadocContainerUrl":"file:/C:/Users/admin1/.m2/repository/org/unbescape/unbescape/1.1.0.RELEASE/unbescape-1.1.0.RELEASE-javadoc.jar","isSystem":false,"isOwn":false,"isTest":false,"isJavaContent":false},{"kind":"binary","path":"C:\\Users\\admin1\\.m2\\repository\\org\\thymeleaf\\extras\\thymeleaf-extras-springsecurity4\\2.1.2.RELEASE\\thymeleaf-extras-springsecurity4-2.1.2.RELEASE.jar","sourceContainerUrl":"file:/C:/Users/admin1/.m2/repository/org/thymeleaf/extras/thymeleaf-extras-springsecurity4/2.1.2.RELEASE/thymeleaf-extras-springsecurity4-2.1.2.RELEASE-sources.jar","javadocContainerUrl":"file:/C:/Users/admin1/.m2/repository/org/thymeleaf/extras/thymeleaf-extras-springsecurity4/2.1.2.RELEASE/thymeleaf-extras-springsecurity4-2.1.2.RELEASE-javadoc.jar","isSystem":false,"isOwn":false,"isTest":false,"isJavaContent":false},{"kind":"binary","path":"C:\\Users\\admin1\\.m2\\repository\\org\\springframework\\amqp\\spring-rabbit\\1.5.2.RELEASE\\spring-rabbit-1.5.2.RELEASE.jar","sourceContainerUrl":"file:/C:/Users/admin1/.m2/repository/org/springframework/amqp/spring-rabbit/1.5.2.RELEASE/spring-rabbit-1.5.2.RELEASE-sources.jar","javadocContainerUrl":"file:/C:/Users/admin1/.m2/repository/org/springframework/amqp/spring-rabbit/1.5.2.RELEASE/spring-rabbit-1.5.2.RELEASE-javadoc.jar","isSystem":false,"isOwn":false,"isTest":false,"isJavaContent":false},{"kind":"binary","path":"C:\\Users\\admin1\\.m2\\repository\\org\\springframework\\spring-messaging\\4.2.4.RELEASE\\spring-messaging-4.2.4.RELEASE.jar","sourceContainerUrl":"file:/C:/Users/admin1/.m2/repository/org/springframework/spring-messaging/4.2.4.RELEASE/spring-messaging-4.2.4.RELEASE-sources.jar","javadocContainerUrl":"file:/C:/Users/admin1/.m2/repository/org/springframework/spring-messaging/4.2.4.RELEASE/spring-messaging-4.2.4.RELEASE-javadoc.jar","isSystem":false,"isOwn":false,"isTest":false,"isJavaContent":false},{"kind":"binary","path":"C:\\Users\\admin1\\.m2\\repository\\org\\springframework\\retry\\spring-retry\\1.1.2.RELEASE\\spring-retry-1.1.2.RELEASE.jar","sourceContainerUrl":"file:/C:/Users/admin1/.m2/repository/org/springframework/retry/spring-retry/1.1.2.RELEASE/spring-retry-1.1.2.RELEASE-sources.jar","javadocContainerUrl":"file:/C:/Users/admin1/.m2/repository/org/springframework/retry/spring-retry/1.1.2.RELEASE/spring-retry-1.1.2.RELEASE-javadoc.jar","isSystem":false,"isOwn":false,"isTest":false,"isJavaContent":false},{"kind":"binary","path":"C:\\Users\\admin1\\.m2\\repository\\org\\springframework\\amqp\\spring-amqp\\1.5.2.RELEASE\\spring-amqp-1.5.2.RELEASE.jar","sourceContainerUrl":"file:/C:/Users/admin1/.m2/repository/org/springframework/amqp/spring-amqp/1.5.2.RELEASE/spring-amqp-1.5.2.RELEASE-sources.jar","javadocContainerUrl":"file:/C:/Users/admin1/.m2/repository/org/springframework/amqp/spring-amqp/1.5.2.RELEASE/spring-amqp-1.5.2.RELEASE-javadoc.jar","isSystem":false,"isOwn":false,"isTest":false,"isJavaContent":false},{"kind":"binary","path":"C:\\Users\\admin1\\.m2\\repository\\org\\springframework\\spring-tx\\4.2.4.RELEASE\\spring-tx-4.2.4.RELEASE.jar","sourceContainerUrl":"file:/C:/Users/admin1/.m2/repository/org/springframework/spring-tx/4.2.4.RELEASE/spring-tx-4.2.4.RELEASE-sources.jar","javadocContainerUrl":"file:/C:/Users/admin1/.m2/repository/org/springframework/spring-tx/4.2.4.RELEASE/spring-tx-4.2.4.RELEASE-javadoc.jar","isSystem":false,"isOwn":false,"isTest":false,"isJavaContent":false},{"kind":"binary","path":"C:\\Users\\admin1\\.m2\\repository\\com\\rabbitmq\\http-client\\1.0.0.RELEASE\\http-client-1.0.0.RELEASE.jar","sourceContainerUrl":"file:/C:/Users/admin1/.m2/repository/com/rabbitmq/http-client/1.0.0.RELEASE/http-client-1.0.0.RELEASE-sources.jar","javadocContainerUrl":"file:/C:/Users/admin1/.m2/repository/com/rabbitmq/http-client/1.0.0.RELEASE/http-client-1.0.0.RELEASE-javadoc.jar","isSystem":false,"isOwn":false,"isTest":false,"isJavaContent":false},{"kind":"binary","path":"C:\\Users\\admin1\\.m2\\repository\\org\\apache\\httpcomponents\\httpclient\\4.5.1\\httpclient-4.5.1.jar","sourceContainerUrl":"file:/C:/Users/admin1/.m2/repository/org/apache/httpcomponents/httpclient/4.5.1/httpclient-4.5.1-sources.jar","javadocContainerUrl":"file:/C:/Users/admin1/.m2/repository/org/apache/httpcomponents/httpclient/4.5.1/httpclient-4.5.1-javadoc.jar","isSystem":false,"isOwn":false,"isTest":false,"isJavaContent":false},{"kind":"binary","path":"C:\\Users\\admin1\\.m2\\repository\\org\\apache\\httpcomponents\\httpcore\\4.4.4\\httpcore-4.4.4.jar","sourceContainerUrl":"file:/C:/Users/admin1/.m2/repository/org/apache/httpcomponents/httpcore/4.4.4/httpcore-4.4.4-sources.jar","javadocContainerUrl":"file:/C:/Users/admin1/.m2/repository/org/apache/httpcomponents/httpcore/4.4.4/httpcore-4.4.4-javadoc.jar","isSystem":false,"isOwn":false,"isTest":false,"isJavaContent":false},{"kind":"binary","path":"C:\\Users\\admin1\\.m2\\repository\\commons-codec\\commons-codec\\1.10\\commons-codec-1.10.jar","sourceContainerUrl":"file:/C:/Users/admin1/.m2/repository/commons-codec/commons-codec/1.10/commons-codec-1.10-sources.jar","javadocContainerUrl":"file:/C:/Users/admin1/.m2/repository/commons-codec/commons-codec/1.10/commons-codec-1.10-javadoc.jar","isSystem":false,"isOwn":false,"isTest":false,"isJavaContent":false},{"kind":"binary","path":"C:\\Users\\admin1\\.m2\\repository\\com\\rabbitmq\\amqp-client\\3.4.4\\amqp-client-3.4.4.jar","sourceContainerUrl":"file:/C:/Users/admin1/.m2/repository/com/rabbitmq/amqp-client/3.4.4/amqp-client-3.4.4-sources.jar","javadocContainerUrl":"file:/C:/Users/admin1/.m2/repository/com/rabbitmq/amqp-client/3.4.4/amqp-client-3.4.4-javadoc.jar","isSystem":false,"isOwn":false,"isTest":false,"isJavaContent":false},{"kind":"binary","path":"C:\\Users\\admin1\\.m2\\repository\\org\\springframework\\integration\\spring-integration-amqp\\4.2.4.RELEASE\\spring-integration-amqp-4.2.4.RELEASE.jar","sourceContainerUrl":"file:/C:/Users/admin1/.m2/repository/org/springframework/integration/spring-integration-amqp/4.2.4.RELEASE/spring-integration-amqp-4.2.4.RELEASE-sources.jar","javadocContainerUrl":"file:/C:/Users/admin1/.m2/repository/org/springframework/integration/spring-integration-amqp/4.2.4.RELEASE/spring-integration-amqp-4.2.4.RELEASE-javadoc.jar","isSystem":false,"isOwn":false,"isTest":false,"isJavaContent":false},{"kind":"binary","path":"C:\\Users\\admin1\\.m2\\repository\\org\\springframework\\integration\\spring-integration-http\\4.2.4.RELEASE\\spring-integration-http-4.2.4.RELEASE.jar","sourceContainerUrl":"file:/C:/Users/admin1/.m2/repository/org/springframework/integration/spring-integration-http/4.2.4.RELEASE/spring-integration-http-4.2.4.RELEASE-sources.jar","javadocContainerUrl":"file:/C:/Users/admin1/.m2/repository/org/springframework/integration/spring-integration-http/4.2.4.RELEASE/spring-integration-http-4.2.4.RELEASE-javadoc.jar","isSystem":false,"isOwn":false,"isTest":false,"isJavaContent":false},{"kind":"binary","path":"C:\\Users\\admin1\\.m2\\repository\\com\\fasterxml\\jackson\\core\\jackson-databind\\2.6.4\\jackson-databind-2.6.4.jar","sourceContainerUrl":"file:/C:/Users/admin1/.m2/repository/com/fasterxml/jackson/core/jackson-databind/2.6.4/jackson-databind-2.6.4-sources.jar","javadocContainerUrl":"file:/C:/Users/admin1/.m2/repository/com/fasterxml/jackson/core/jackson-databind/2.6.4/jackson-databind-2.6.4-javadoc.jar","isSystem":false,"isOwn":false,"isTest":false,"isJavaContent":false},{"kind":"binary","path":"C:\\Users\\admin1\\.m2\\repository\\com\\fasterxml\\jackson\\core\\jackson-annotations\\2.6.4\\jackson-annotations-2.6.4.jar","sourceContainerUrl":"file:/C:/Users/admin1/.m2/repository/com/fasterxml/jackson/core/jackson-annotations/2.6.4/jackson-annotations-2.6.4-sources.jar","javadocContainerUrl":"file:/C:/Users/admin1/.m2/repository/com/fasterxml/jackson/core/jackson-annotations/2.6.4/jackson-annotations-2.6.4-javadoc.jar","isSystem":false,"isOwn":false,"isTest":false,"isJavaContent":false},{"kind":"binary","path":"C:\\Users\\admin1\\.m2\\repository\\com\\fasterxml\\jackson\\core\\jackson-core\\2.6.4\\jackson-core-2.6.4.jar","sourceContainerUrl":"file:/C:/Users/admin1/.m2/repository/com/fasterxml/jackson/core/jackson-core/2.6.4/jackson-core-2.6.4-sources.jar","javadocContainerUrl":"file:/C:/Users/admin1/.m2/repository/com/fasterxml/jackson/core/jackson-core/2.6.4/jackson-core-2.6.4-javadoc.jar","isSystem":false,"isOwn":false,"isTest":false,"isJavaContent":false},{"kind":"binary","path":"C:\\Users\\admin1\\.m2\\repository\\com\\fasterxml\\jackson\\datatype\\jackson-datatype-hibernate4\\2.6.4\\jackson-datatype-hibernate4-2.6.4.jar","sourceContainerUrl":"file:/C:/Users/admin1/.m2/repository/com/fasterxml/jackson/datatype/jackson-datatype-hibernate4/2.6.4/jackson-datatype-hibernate4-2.6.4-sources.jar","javadocContainerUrl":"file:/C:/Users/admin1/.m2/repository/com/fasterxml/jackson/datatype/jackson-datatype-hibernate4/2.6.4/jackson-datatype-hibernate4-2.6.4-javadoc.jar","isSystem":false,"isOwn":false,"isTest":false,"isJavaContent":false},{"kind":"binary","path":"C:\\Users\\admin1\\.m2\\repository\\org\\springframework\\spring-context-support\\4.2.4.RELEASE\\spring-context-support-4.2.4.RELEASE.jar","sourceContainerUrl":"file:/C:/Users/admin1/.m2/repository/org/springframework/spring-context-support/4.2.4.RELEASE/spring-context-support-4.2.4.RELEASE-sources.jar","javadocContainerUrl":"file:/C:/Users/admin1/.m2/repository/org/springframework/spring-context-support/4.2.4.RELEASE/spring-context-support-4.2.4.RELEASE-javadoc.jar","isSystem":false,"isOwn":false,"isTest":false,"isJavaContent":false},{"kind":"binary","path":"C:\\Users\\admin1\\.m2\\repository\\org\\springframework\\integration\\spring-integration-stream\\4.2.4.RELEASE\\spring-integration-stream-4.2.4.RELEASE.jar","sourceContainerUrl":"file:/C:/Users/admin1/.m2/repository/org/springframework/integration/spring-integration-stream/4.2.4.RELEASE/spring-integration-stream-4.2.4.RELEASE-sources.jar","javadocContainerUrl":"file:/C:/Users/admin1/.m2/repository/org/springframework/integration/spring-integration-stream/4.2.4.RELEASE/spring-integration-stream-4.2.4.RELEASE-javadoc.jar","isSystem":false,"isOwn":false,"isTest":false,"isJavaContent":false},{"kind":"source","path":"C:\\Users\\admin1\\EA\\workspace\\EAIBusFinal\\src\\main\\java","outputFolder":"C:\\Users\\admin1\\EA\\workspace\\EAIBusFinal\\target\\classes","javadocContainerUrl":"file:/C:/Users/admin1/EA/workspace/EAIBusFinal/target/site/apidocs","isSystem":false,"isOwn":true,"isTest":false,"isJavaContent":true},{"kind":"source","path":"C:\\Users\\admin1\\EA\\workspace\\EAIBusFinal\\src\\test\\java","outputFolder":"C:\\Users\\admin1\\EA\\workspace\\EAIBusFinal\\target\\test-classes","javadocContainerUrl":"file:/C:/Users/admin1/EA/workspace/EAIBusFinal/target/site/apidocs","isSystem":false,"isOwn":true,"isTest":true,"isJavaContent":true},{"kind":"source","path":"C:\\Users\\admin1\\EA\\workspace\\EAIBusFinal\\src\\main\\resources","outputFolder":"C:\\Users\\admin1\\EA\\workspace\\EAIBusFinal\\target\\classes","isSystem":false,"isOwn":true,"isTest":false,"isJavaContent":false},{"kind":"source","path":"C:\\Users\\admin1\\EA\\workspace\\EAIBusFinal\\src\\test\\resources","outputFolder":"C:\\Users\\admin1\\EA\\workspace\\EAIBusFinal\\target\\test-classes","isSystem":false,"isOwn":true,"isTest":true,"isJavaContent":false},{"kind":"source","path":"C:\\Users\\admin1\\EA\\workspace\\EAIBusFinal\\src\\test\\java","outputFolder":"C:\\Users\\admin1\\EA\\workspace\\EAIBusFinal\\target\\test-classes","javadocContainerUrl":"file:/C:/Users/admin1/EA/workspace/EAIBusFinal/target/site/apidocs","isSystem":false,"isOwn":true,"isTest":false,"isJavaContent":false}]}