{"name":"MemberRest","classpathEntries":[{"kind":"binary","path":"C:\\Program Files\\Java\\jdk-10.0.2\\lib\\jrt-fs.jar","sourceContainerUrl":"file:/C:/Program%20Files/Java/jdk-10.0.2/lib/src.zip","javadocContainerUrl":"https://docs.oracle.com/javase/10/docs/api/","isSystem":true,"isOwn":false,"isTest":false,"isJavaContent":false},{"kind":"binary","path":"C:\\Users\\admin1\\.m2\\repository\\org\\springframework\\spring-webmvc\\4.3.11.RELEASE\\spring-webmvc-4.3.11.RELEASE.jar","sourceContainerUrl":"file:/C:/Users/admin1/.m2/repository/org/springframework/spring-webmvc/4.3.11.RELEASE/spring-webmvc-4.3.11.RELEASE-sources.jar","javadocContainerUrl":"file:/C:/Users/admin1/.m2/repository/org/springframework/spring-webmvc/4.3.11.RELEASE/spring-webmvc-4.3.11.RELEASE-javadoc.jar","isSystem":false,"isOwn":false,"isTest":false,"isJavaContent":false},{"kind":"binary","path":"C:\\Users\\admin1\\.m2\\repository\\org\\springframework\\spring-aop\\4.3.11.RELEASE\\spring-aop-4.3.11.RELEASE.jar","sourceContainerUrl":"file:/C:/Users/admin1/.m2/repository/org/springframework/spring-aop/4.3.11.RELEASE/spring-aop-4.3.11.RELEASE-sources.jar","javadocContainerUrl":"file:/C:/Users/admin1/.m2/repository/org/springframework/spring-aop/4.3.11.RELEASE/spring-aop-4.3.11.RELEASE-javadoc.jar","isSystem":false,"isOwn":false,"isTest":false,"isJavaContent":false},{"kind":"binary","path":"C:\\Users\\admin1\\.m2\\repository\\org\\springframework\\spring-beans\\4.3.11.RELEASE\\spring-beans-4.3.11.RELEASE.jar","sourceContainerUrl":"file:/C:/Users/admin1/.m2/repository/org/springframework/spring-beans/4.3.11.RELEASE/spring-beans-4.3.11.RELEASE-sources.jar","javadocContainerUrl":"file:/C:/Users/admin1/.m2/repository/org/springframework/spring-beans/4.3.11.RELEASE/spring-beans-4.3.11.RELEASE-javadoc.jar","isSystem":false,"isOwn":false,"isTest":false,"isJavaContent":false},{"kind":"binary","path":"C:\\Users\\admin1\\.m2\\repository\\org\\springframework\\spring-expression\\4.3.11.RELEASE\\spring-expression-4.3.11.RELEASE.jar","sourceContainerUrl":"file:/C:/Users/admin1/.m2/repository/org/springframework/spring-expression/4.3.11.RELEASE/spring-expression-4.3.11.RELEASE-sources.jar","javadocContainerUrl":"file:/C:/Users/admin1/.m2/repository/org/springframework/spring-expression/4.3.11.RELEASE/spring-expression-4.3.11.RELEASE-javadoc.jar","isSystem":false,"isOwn":false,"isTest":false,"isJavaContent":false},{"kind":"binary","path":"C:\\Users\\admin1\\.m2\\repository\\org\\springframework\\spring-web\\4.3.11.RELEASE\\spring-web-4.3.11.RELEASE.jar","sourceContainerUrl":"file:/C:/Users/admin1/.m2/repository/org/springframework/spring-web/4.3.11.RELEASE/spring-web-4.3.11.RELEASE-sources.jar","javadocContainerUrl":"file:/C:/Users/admin1/.m2/repository/org/springframework/spring-web/4.3.11.RELEASE/spring-web-4.3.11.RELEASE-javadoc.jar","isSystem":false,"isOwn":false,"isTest":false,"isJavaContent":false},{"kind":"binary","path":"C:\\Users\\admin1\\.m2\\repository\\javax\\servlet\\jstl\\1.2\\jstl-1.2.jar","sourceContainerUrl":"file:/C:/Users/admin1/.m2/repository/javax/servlet/jstl/1.2/jstl-1.2-sources.jar","isSystem":false,"isOwn":false,"isTest":false,"isJavaContent":false},{"kind":"binary","path":"C:\\Users\\admin1\\.m2\\repository\\javax\\servlet\\javax.servlet-api\\3.1.0\\javax.servlet-api-3.1.0.jar","sourceContainerUrl":"file:/C:/Users/admin1/.m2/repository/javax/servlet/javax.servlet-api/3.1.0/javax.servlet-api-3.1.0-sources.jar","javadocContainerUrl":"file:/C:/Users/admin1/.m2/repository/javax/servlet/javax.servlet-api/3.1.0/javax.servlet-api-3.1.0-javadoc.jar","isSystem":false,"isOwn":false,"isTest":false,"isJavaContent":false},{"kind":"binary","path":"C:\\Users\\admin1\\.m2\\repository\\commons-fileupload\\commons-fileupload\\1.3.3\\commons-fileupload-1.3.3.jar","sourceContainerUrl":"file:/C:/Users/admin1/.m2/repository/commons-fileupload/commons-fileupload/1.3.3/commons-fileupload-1.3.3-sources.jar","javadocContainerUrl":"file:/C:/Users/admin1/.m2/repository/commons-fileupload/commons-fileupload/1.3.3/commons-fileupload-1.3.3-javadoc.jar","isSystem":false,"isOwn":false,"isTest":false,"isJavaContent":false},{"kind":"binary","path":"C:\\Users\\admin1\\.m2\\repository\\commons-io\\commons-io\\2.5\\commons-io-2.5.jar","sourceContainerUrl":"file:/C:/Users/admin1/.m2/repository/commons-io/commons-io/2.5/commons-io-2.5-sources.jar","javadocContainerUrl":"file:/C:/Users/admin1/.m2/repository/commons-io/commons-io/2.5/commons-io-2.5-javadoc.jar","isSystem":false,"isOwn":false,"isTest":false,"isJavaContent":false},{"kind":"binary","path":"C:\\Users\\admin1\\.m2\\repository\\commons-logging\\commons-logging\\1.2\\commons-logging-1.2.jar","sourceContainerUrl":"file:/C:/Users/admin1/.m2/repository/commons-logging/commons-logging/1.2/commons-logging-1.2-sources.jar","javadocContainerUrl":"file:/C:/Users/admin1/.m2/repository/commons-logging/commons-logging/1.2/commons-logging-1.2-javadoc.jar","isSystem":false,"isOwn":false,"isTest":false,"isJavaContent":false},{"kind":"binary","path":"C:\\Users\\admin1\\.m2\\repository\\com\\fasterxml\\jackson\\core\\jackson-databind\\2.8.10\\jackson-databind-2.8.10.jar","sourceContainerUrl":"file:/C:/Users/admin1/.m2/repository/com/fasterxml/jackson/core/jackson-databind/2.8.10/jackson-databind-2.8.10-sources.jar","javadocContainerUrl":"file:/C:/Users/admin1/.m2/repository/com/fasterxml/jackson/core/jackson-databind/2.8.10/jackson-databind-2.8.10-javadoc.jar","isSystem":false,"isOwn":false,"isTest":false,"isJavaContent":false},{"kind":"binary","path":"C:\\Users\\admin1\\.m2\\repository\\com\\fasterxml\\jackson\\core\\jackson-annotations\\2.8.0\\jackson-annotations-2.8.0.jar","sourceContainerUrl":"file:/C:/Users/admin1/.m2/repository/com/fasterxml/jackson/core/jackson-annotations/2.8.0/jackson-annotations-2.8.0-sources.jar","javadocContainerUrl":"file:/C:/Users/admin1/.m2/repository/com/fasterxml/jackson/core/jackson-annotations/2.8.0/jackson-annotations-2.8.0-javadoc.jar","isSystem":false,"isOwn":false,"isTest":false,"isJavaContent":false},{"kind":"binary","path":"C:\\Users\\admin1\\.m2\\repository\\com\\fasterxml\\jackson\\core\\jackson-core\\2.8.10\\jackson-core-2.8.10.jar","sourceContainerUrl":"file:/C:/Users/admin1/.m2/repository/com/fasterxml/jackson/core/jackson-core/2.8.10/jackson-core-2.8.10-sources.jar","javadocContainerUrl":"file:/C:/Users/admin1/.m2/repository/com/fasterxml/jackson/core/jackson-core/2.8.10/jackson-core-2.8.10-javadoc.jar","isSystem":false,"isOwn":false,"isTest":false,"isJavaContent":false},{"kind":"binary","path":"C:\\Users\\admin1\\.m2\\repository\\com\\fasterxml\\jackson\\datatype\\jackson-datatype-hibernate4\\2.8.10\\jackson-datatype-hibernate4-2.8.10.jar","sourceContainerUrl":"file:/C:/Users/admin1/.m2/repository/com/fasterxml/jackson/datatype/jackson-datatype-hibernate4/2.8.10/jackson-datatype-hibernate4-2.8.10-sources.jar","javadocContainerUrl":"file:/C:/Users/admin1/.m2/repository/com/fasterxml/jackson/datatype/jackson-datatype-hibernate4/2.8.10/jackson-datatype-hibernate4-2.8.10-javadoc.jar","isSystem":false,"isOwn":false,"isTest":false,"isJavaContent":false},{"kind":"binary","path":"C:\\Users\\admin1\\.m2\\repository\\org\\springframework\\spring-core\\4.3.11.RELEASE\\spring-core-4.3.11.RELEASE.jar","sourceContainerUrl":"file:/C:/Users/admin1/.m2/repository/org/springframework/spring-core/4.3.11.RELEASE/spring-core-4.3.11.RELEASE-sources.jar","javadocContainerUrl":"file:/C:/Users/admin1/.m2/repository/org/springframework/spring-core/4.3.11.RELEASE/spring-core-4.3.11.RELEASE-javadoc.jar","isSystem":false,"isOwn":false,"isTest":false,"isJavaContent":false},{"kind":"binary","path":"C:\\Users\\admin1\\.m2\\repository\\org\\springframework\\spring-context\\4.3.11.RELEASE\\spring-context-4.3.11.RELEASE.jar","sourceContainerUrl":"file:/C:/Users/admin1/.m2/repository/org/springframework/spring-context/4.3.11.RELEASE/spring-context-4.3.11.RELEASE-sources.jar","javadocContainerUrl":"file:/C:/Users/admin1/.m2/repository/org/springframework/spring-context/4.3.11.RELEASE/spring-context-4.3.11.RELEASE-javadoc.jar","isSystem":false,"isOwn":false,"isTest":false,"isJavaContent":false},{"kind":"binary","path":"C:\\Users\\admin1\\.m2\\repository\\org\\springframework\\spring-tx\\4.3.11.RELEASE\\spring-tx-4.3.11.RELEASE.jar","sourceContainerUrl":"file:/C:/Users/admin1/.m2/repository/org/springframework/spring-tx/4.3.11.RELEASE/spring-tx-4.3.11.RELEASE-sources.jar","javadocContainerUrl":"file:/C:/Users/admin1/.m2/repository/org/springframework/spring-tx/4.3.11.RELEASE/spring-tx-4.3.11.RELEASE-javadoc.jar","isSystem":false,"isOwn":false,"isTest":false,"isJavaContent":false},{"kind":"binary","path":"C:\\Users\\admin1\\.m2\\repository\\org\\springframework\\spring-orm\\4.3.11.RELEASE\\spring-orm-4.3.11.RELEASE.jar","sourceContainerUrl":"file:/C:/Users/admin1/.m2/repository/org/springframework/spring-orm/4.3.11.RELEASE/spring-orm-4.3.11.RELEASE-sources.jar","javadocContainerUrl":"file:/C:/Users/admin1/.m2/repository/org/springframework/spring-orm/4.3.11.RELEASE/spring-orm-4.3.11.RELEASE-javadoc.jar","isSystem":false,"isOwn":false,"isTest":false,"isJavaContent":false},{"kind":"binary","path":"C:\\Users\\admin1\\.m2\\repository\\org\\springframework\\spring-jdbc\\4.3.11.RELEASE\\spring-jdbc-4.3.11.RELEASE.jar","sourceContainerUrl":"file:/C:/Users/admin1/.m2/repository/org/springframework/spring-jdbc/4.3.11.RELEASE/spring-jdbc-4.3.11.RELEASE-sources.jar","javadocContainerUrl":"file:/C:/Users/admin1/.m2/repository/org/springframework/spring-jdbc/4.3.11.RELEASE/spring-jdbc-4.3.11.RELEASE-javadoc.jar","isSystem":false,"isOwn":false,"isTest":false,"isJavaContent":false},{"kind":"binary","path":"C:\\Users\\admin1\\.m2\\repository\\org\\hibernate\\hibernate-entitymanager\\5.0.12.Final\\hibernate-entitymanager-5.0.12.Final.jar","sourceContainerUrl":"file:/C:/Users/admin1/.m2/repository/org/hibernate/hibernate-entitymanager/5.0.12.Final/hibernate-entitymanager-5.0.12.Final-sources.jar","isSystem":false,"isOwn":false,"isTest":false,"isJavaContent":false},{"kind":"binary","path":"C:\\Users\\admin1\\.m2\\repository\\org\\jboss\\logging\\jboss-logging\\3.3.1.Final\\jboss-logging-3.3.1.Final.jar","sourceContainerUrl":"file:/C:/Users/admin1/.m2/repository/org/jboss/logging/jboss-logging/3.3.1.Final/jboss-logging-3.3.1.Final-sources.jar","javadocContainerUrl":"file:/C:/Users/admin1/.m2/repository/org/jboss/logging/jboss-logging/3.3.1.Final/jboss-logging-3.3.1.Final-javadoc.jar","isSystem":false,"isOwn":false,"isTest":false,"isJavaContent":false},{"kind":"binary","path":"C:\\Users\\admin1\\.m2\\repository\\org\\hibernate\\hibernate-core\\5.0.12.Final\\hibernate-core-5.0.12.Final.jar","sourceContainerUrl":"file:/C:/Users/admin1/.m2/repository/org/hibernate/hibernate-core/5.0.12.Final/hibernate-core-5.0.12.Final-sources.jar","isSystem":false,"isOwn":false,"isTest":false,"isJavaContent":false},{"kind":"binary","path":"C:\\Users\\admin1\\.m2\\repository\\antlr\\antlr\\2.7.7\\antlr-2.7.7.jar","isSystem":false,"isOwn":false,"isTest":false,"isJavaContent":false},{"kind":"binary","path":"C:\\Users\\admin1\\.m2\\repository\\org\\jboss\\jandex\\2.0.0.Final\\jandex-2.0.0.Final.jar","sourceContainerUrl":"file:/C:/Users/admin1/.m2/repository/org/jboss/jandex/2.0.0.Final/jandex-2.0.0.Final-sources.jar","isSystem":false,"isOwn":false,"isTest":false,"isJavaContent":false},{"kind":"binary","path":"C:\\Users\\admin1\\.m2\\repository\\dom4j\\dom4j\\1.6.1\\dom4j-1.6.1.jar","sourceContainerUrl":"file:/C:/Users/admin1/.m2/repository/dom4j/dom4j/1.6.1/dom4j-1.6.1-sources.jar","isSystem":false,"isOwn":false,"isTest":false,"isJavaContent":false},{"kind":"binary","path":"C:\\Users\\admin1\\.m2\\repository\\org\\hibernate\\common\\hibernate-commons-annotations\\5.0.1.Final\\hibernate-commons-annotations-5.0.1.Final.jar","sourceContainerUrl":"file:/C:/Users/admin1/.m2/repository/org/hibernate/common/hibernate-commons-annotations/5.0.1.Final/hibernate-commons-annotations-5.0.1.Final-sources.jar","isSystem":false,"isOwn":false,"isTest":false,"isJavaContent":false},{"kind":"binary","path":"C:\\Users\\admin1\\.m2\\repository\\org\\hibernate\\javax\\persistence\\hibernate-jpa-2.1-api\\1.0.0.Final\\hibernate-jpa-2.1-api-1.0.0.Final.jar","sourceContainerUrl":"file:/C:/Users/admin1/.m2/repository/org/hibernate/javax/persistence/hibernate-jpa-2.1-api/1.0.0.Final/hibernate-jpa-2.1-api-1.0.0.Final-sources.jar","javadocContainerUrl":"file:/C:/Users/admin1/.m2/repository/org/hibernate/javax/persistence/hibernate-jpa-2.1-api/1.0.0.Final/hibernate-jpa-2.1-api-1.0.0.Final-javadoc.jar","isSystem":false,"isOwn":false,"isTest":false,"isJavaContent":false},{"kind":"binary","path":"C:\\Users\\admin1\\.m2\\repository\\org\\javassist\\javassist\\3.21.0-GA\\javassist-3.21.0-GA.jar","sourceContainerUrl":"file:/C:/Users/admin1/.m2/repository/org/javassist/javassist/3.21.0-GA/javassist-3.21.0-GA-sources.jar","javadocContainerUrl":"file:/C:/Users/admin1/.m2/repository/org/javassist/javassist/3.21.0-GA/javassist-3.21.0-GA-javadoc.jar","isSystem":false,"isOwn":false,"isTest":false,"isJavaContent":false},{"kind":"binary","path":"C:\\Users\\admin1\\.m2\\repository\\org\\apache\\geronimo\\specs\\geronimo-jta_1.1_spec\\1.1.1\\geronimo-jta_1.1_spec-1.1.1.jar","sourceContainerUrl":"file:/C:/Users/admin1/.m2/repository/org/apache/geronimo/specs/geronimo-jta_1.1_spec/1.1.1/geronimo-jta_1.1_spec-1.1.1-sources.jar","javadocContainerUrl":"file:/C:/Users/admin1/.m2/repository/org/apache/geronimo/specs/geronimo-jta_1.1_spec/1.1.1/geronimo-jta_1.1_spec-1.1.1-javadoc.jar","isSystem":false,"isOwn":false,"isTest":false,"isJavaContent":false},{"kind":"binary","path":"C:\\Users\\admin1\\.m2\\repository\\cglib\\cglib-nodep\\2.2.2\\cglib-nodep-2.2.2.jar","sourceContainerUrl":"file:/C:/Users/admin1/.m2/repository/cglib/cglib-nodep/2.2.2/cglib-nodep-2.2.2-sources.jar","javadocContainerUrl":"file:/C:/Users/admin1/.m2/repository/cglib/cglib-nodep/2.2.2/cglib-nodep-2.2.2-javadoc.jar","isSystem":false,"isOwn":false,"isTest":false,"isJavaContent":false},{"kind":"binary","path":"C:\\Users\\admin1\\.m2\\repository\\mysql\\mysql-connector-java\\8.0.12\\mysql-connector-java-8.0.12.jar","sourceContainerUrl":"file:/C:/Users/admin1/.m2/repository/mysql/mysql-connector-java/8.0.12/mysql-connector-java-8.0.12-sources.jar","isSystem":false,"isOwn":false,"isTest":false,"isJavaContent":false},{"kind":"binary","path":"C:\\Users\\admin1\\.m2\\repository\\com\\google\\protobuf\\protobuf-java\\2.6.1\\protobuf-java-2.6.1.jar","sourceContainerUrl":"file:/C:/Users/admin1/.m2/repository/com/google/protobuf/protobuf-java/2.6.1/protobuf-java-2.6.1-sources.jar","javadocContainerUrl":"file:/C:/Users/admin1/.m2/repository/com/google/protobuf/protobuf-java/2.6.1/protobuf-java-2.6.1-javadoc.jar","isSystem":false,"isOwn":false,"isTest":false,"isJavaContent":false},{"kind":"binary","path":"C:\\Users\\admin1\\.m2\\repository\\org\\hibernate\\hibernate-validator\\5.3.5.Final\\hibernate-validator-5.3.5.Final.jar","sourceContainerUrl":"file:/C:/Users/admin1/.m2/repository/org/hibernate/hibernate-validator/5.3.5.Final/hibernate-validator-5.3.5.Final-sources.jar","isSystem":false,"isOwn":false,"isTest":false,"isJavaContent":false},{"kind":"binary","path":"C:\\Users\\admin1\\.m2\\repository\\javax\\validation\\validation-api\\1.1.0.Final\\validation-api-1.1.0.Final.jar","sourceContainerUrl":"file:/C:/Users/admin1/.m2/repository/javax/validation/validation-api/1.1.0.Final/validation-api-1.1.0.Final-sources.jar","javadocContainerUrl":"file:/C:/Users/admin1/.m2/repository/javax/validation/validation-api/1.1.0.Final/validation-api-1.1.0.Final-javadoc.jar","isSystem":false,"isOwn":false,"isTest":false,"isJavaContent":false},{"kind":"binary","path":"C:\\Users\\admin1\\.m2\\repository\\com\\fasterxml\\classmate\\1.3.4\\classmate-1.3.4.jar","sourceContainerUrl":"file:/C:/Users/admin1/.m2/repository/com/fasterxml/classmate/1.3.4/classmate-1.3.4-sources.jar","javadocContainerUrl":"file:/C:/Users/admin1/.m2/repository/com/fasterxml/classmate/1.3.4/classmate-1.3.4-javadoc.jar","isSystem":false,"isOwn":false,"isTest":false,"isJavaContent":false},{"kind":"binary","path":"C:\\Users\\admin1\\.m2\\repository\\javax\\xml\\bind\\jaxb-api\\2.3.0\\jaxb-api-2.3.0.jar","sourceContainerUrl":"file:/C:/Users/admin1/.m2/repository/javax/xml/bind/jaxb-api/2.3.0/jaxb-api-2.3.0-sources.jar","javadocContainerUrl":"file:/C:/Users/admin1/.m2/repository/javax/xml/bind/jaxb-api/2.3.0/jaxb-api-2.3.0-javadoc.jar","isSystem":false,"isOwn":false,"isTest":false,"isJavaContent":false},{"kind":"binary","path":"C:\\Users\\admin1\\.m2\\repository\\log4j\\log4j\\1.2.17\\log4j-1.2.17.jar","sourceContainerUrl":"file:/C:/Users/admin1/.m2/repository/log4j/log4j/1.2.17/log4j-1.2.17-sources.jar","javadocContainerUrl":"file:/C:/Users/admin1/.m2/repository/log4j/log4j/1.2.17/log4j-1.2.17-javadoc.jar","isSystem":false,"isOwn":false,"isTest":false,"isJavaContent":false},{"kind":"binary","path":"C:\\Users\\admin1\\.m2\\repository\\org\\slf4j\\slf4j-log4j12\\1.7.25\\slf4j-log4j12-1.7.25.jar","sourceContainerUrl":"file:/C:/Users/admin1/.m2/repository/org/slf4j/slf4j-log4j12/1.7.25/slf4j-log4j12-1.7.25-sources.jar","javadocContainerUrl":"file:/C:/Users/admin1/.m2/repository/org/slf4j/slf4j-log4j12/1.7.25/slf4j-log4j12-1.7.25-javadoc.jar","isSystem":false,"isOwn":false,"isTest":false,"isJavaContent":false},{"kind":"binary","path":"C:\\Users\\admin1\\.m2\\repository\\org\\slf4j\\slf4j-api\\1.7.25\\slf4j-api-1.7.25.jar","sourceContainerUrl":"file:/C:/Users/admin1/.m2/repository/org/slf4j/slf4j-api/1.7.25/slf4j-api-1.7.25-sources.jar","javadocContainerUrl":"file:/C:/Users/admin1/.m2/repository/org/slf4j/slf4j-api/1.7.25/slf4j-api-1.7.25-javadoc.jar","isSystem":false,"isOwn":false,"isTest":false,"isJavaContent":false},{"kind":"binary","path":"C:\\Users\\admin1\\.m2\\repository\\net\\sf\\dozer\\dozer\\5.5.1\\dozer-5.5.1.jar","sourceContainerUrl":"file:/C:/Users/admin1/.m2/repository/net/sf/dozer/dozer/5.5.1/dozer-5.5.1-sources.jar","javadocContainerUrl":"file:/C:/Users/admin1/.m2/repository/net/sf/dozer/dozer/5.5.1/dozer-5.5.1-javadoc.jar","isSystem":false,"isOwn":false,"isTest":false,"isJavaContent":false},{"kind":"binary","path":"C:\\Users\\admin1\\.m2\\repository\\commons-beanutils\\commons-beanutils\\1.9.3\\commons-beanutils-1.9.3.jar","sourceContainerUrl":"file:/C:/Users/admin1/.m2/repository/commons-beanutils/commons-beanutils/1.9.3/commons-beanutils-1.9.3-sources.jar","javadocContainerUrl":"file:/C:/Users/admin1/.m2/repository/commons-beanutils/commons-beanutils/1.9.3/commons-beanutils-1.9.3-javadoc.jar","isSystem":false,"isOwn":false,"isTest":false,"isJavaContent":false},{"kind":"binary","path":"C:\\Users\\admin1\\.m2\\repository\\commons-collections\\commons-collections\\3.2.2\\commons-collections-3.2.2.jar","sourceContainerUrl":"file:/C:/Users/admin1/.m2/repository/commons-collections/commons-collections/3.2.2/commons-collections-3.2.2-sources.jar","javadocContainerUrl":"file:/C:/Users/admin1/.m2/repository/commons-collections/commons-collections/3.2.2/commons-collections-3.2.2-javadoc.jar","isSystem":false,"isOwn":false,"isTest":false,"isJavaContent":false},{"kind":"binary","path":"C:\\Users\\admin1\\.m2\\repository\\org\\apache\\commons\\commons-lang3\\3.5\\commons-lang3-3.5.jar","sourceContainerUrl":"file:/C:/Users/admin1/.m2/repository/org/apache/commons/commons-lang3/3.5/commons-lang3-3.5-sources.jar","javadocContainerUrl":"file:/C:/Users/admin1/.m2/repository/org/apache/commons/commons-lang3/3.5/commons-lang3-3.5-javadoc.jar","isSystem":false,"isOwn":false,"isTest":false,"isJavaContent":false},{"kind":"binary","path":"C:\\Users\\admin1\\.m2\\repository\\org\\slf4j\\jcl-over-slf4j\\1.7.25\\jcl-over-slf4j-1.7.25.jar","sourceContainerUrl":"file:/C:/Users/admin1/.m2/repository/org/slf4j/jcl-over-slf4j/1.7.25/jcl-over-slf4j-1.7.25-sources.jar","javadocContainerUrl":"file:/C:/Users/admin1/.m2/repository/org/slf4j/jcl-over-slf4j/1.7.25/jcl-over-slf4j-1.7.25-javadoc.jar","isSystem":false,"isOwn":false,"isTest":false,"isJavaContent":false},{"kind":"binary","path":"C:\\Users\\admin1\\.m2\\repository\\net\\sf\\dozer\\dozer-spring\\5.5.1\\dozer-spring-5.5.1.jar","sourceContainerUrl":"file:/C:/Users/admin1/.m2/repository/net/sf/dozer/dozer-spring/5.5.1/dozer-spring-5.5.1-sources.jar","javadocContainerUrl":"file:/C:/Users/admin1/.m2/repository/net/sf/dozer/dozer-spring/5.5.1/dozer-spring-5.5.1-javadoc.jar","isSystem":false,"isOwn":false,"isTest":false,"isJavaContent":false},{"kind":"source","path":"C:\\Users\\admin1\\EA\\workspace\\MemberRest\\src\\main\\java","outputFolder":"C:\\Users\\admin1\\EA\\workspace\\MemberRest\\target\\classes","javadocContainerUrl":"file:/C:/Users/admin1/EA/workspace/MemberRest/target/site/apidocs","isSystem":false,"isOwn":true,"isTest":false,"isJavaContent":true},{"kind":"source","path":"C:\\Users\\admin1\\EA\\workspace\\MemberRest\\src\\test\\java","outputFolder":"C:\\Users\\admin1\\EA\\workspace\\MemberRest\\target\\test-classes","javadocContainerUrl":"file:/C:/Users/admin1/EA/workspace/MemberRest/target/site/apidocs","isSystem":false,"isOwn":true,"isTest":true,"isJavaContent":true},{"kind":"source","path":"C:\\Users\\admin1\\EA\\workspace\\MemberRest\\src\\main\\resources","outputFolder":"C:\\Users\\admin1\\EA\\workspace\\MemberRest\\target\\classes","isSystem":false,"isOwn":true,"isTest":false,"isJavaContent":false},{"kind":"source","path":"C:\\Users\\admin1\\EA\\workspace\\MemberRest\\src\\test\\resources","outputFolder":"C:\\Users\\admin1\\EA\\workspace\\MemberRest\\target\\test-classes","isSystem":false,"isOwn":true,"isTest":true,"isJavaContent":false},{"kind":"source","path":"C:\\Users\\admin1\\EA\\workspace\\MemberRest\\src\\test\\java","outputFolder":"C:\\Users\\admin1\\EA\\workspace\\MemberRest\\target\\test-classes","javadocContainerUrl":"file:/C:/Users/admin1/EA/workspace/MemberRest/target/site/apidocs","isSystem":false,"isOwn":true,"isTest":false,"isJavaContent":false}]}