<?xml version="1.0" encoding="UTF-8"?>

<beans xmlns="http://www.springframework.org/schema/beans"
   xmlns:xsi="http://www.w3.org/2001/XMLSchema-instance"
	xmlns:context="http://www.springframework.org/schema/context"
     xsi:schemaLocation="
      http://www.springframework.org/schema/beans 
      http://www.springframework.org/schema/beans/spring-beans.xsd
 	  http://www.springframework.org/schema/context http://www.springframework.org/schema/context/spring-context.xsd">
 
 <!--  locate properties file -->
   <context:property-placeholder location="classpath:application.properties" />
  
  <context:component-scan base-package="edu.mum"></context:component-scan>
 <bean id="vehicleServiceImpl" class="edu.mum.service.impl.VehicleServiceImpl"/>
 
 
 <bean id="sessionFactory"
		class="org.springframework.orm.hibernate4.LocalSessionFactoryBean">
		<property name="dataSource" ref="dataSource" />

		<property name="mappingResources">
			<list>
				<value>Vehicle.hbm.xml</value>
				<value>Member.hbm.xml</value>
 			</list>
		</property>
 
 		<property name="hibernateProperties">
		    <props>
			<prop key="hibernate.dialect">
                           org.hibernate.dialect.MySQL5Dialect
                        </prop>
			<prop key="hibernate.format_sql">true</prop>
			<prop key="hibernate.show_sql">true</prop>
 			<prop key="use_sql_comments">true</prop>
           <prop key="hibernate.current_session_context_class">thread</prop>  
 		    </props>
		</property>
	</bean>


 	<bean id="dataSource"
		class="org.springframework.jdbc.datasource.DriverManagerDataSource">
		<property name="driverClassName" value="${jdbc.driverClassName}" />
		<property name="url" value="${jdbc.url}" />
		<property name="username" value="${jdbc.username}" />
		<property name="password" value="${jdbc.password}" />
	</bean>

 
</beans>
