{"name":"FEJPASECB","classpathEntries":[{"kind":"binary","path":"C:\\Program Files\\Java\\jdk-10.0.2\\lib\\jrt-fs.jar","sourceContainerUrl":"file:/C:/Program%20Files/Java/jdk-10.0.2/lib/src.zip","javadocContainerUrl":"https://docs.oracle.com/javase/10/docs/api/","isSystem":true,"isOwn":false,"isTest":false,"isJavaContent":false},{"kind":"binary","path":"C:\\Users\\admin1\\.m2\\repository\\org\\springframework\\boot\\spring-boot-starter-data-jpa\\2.0.3.RELEASE\\spring-boot-starter-data-jpa-2.0.3.RELEASE.jar","sourceContainerUrl":"file:/C:/Users/admin1/.m2/repository/org/springframework/boot/spring-boot-starter-data-jpa/2.0.3.RELEASE/spring-boot-starter-data-jpa-2.0.3.RELEASE-sources.jar","isSystem":false,"isOwn":false,"isTest":false,"isJavaContent":false},{"kind":"binary","path":"C:\\Users\\admin1\\.m2\\repository\\org\\springframework\\boot\\spring-boot-starter\\2.0.3.RELEASE\\spring-boot-starter-2.0.3.RELEASE.jar","sourceContainerUrl":"file:/C:/Users/admin1/.m2/repository/org/springframework/boot/spring-boot-starter/2.0.3.RELEASE/spring-boot-starter-2.0.3.RELEASE-sources.jar","isSystem":false,"isOwn":false,"isTest":false,"isJavaContent":false},{"kind":"binary","path":"C:\\Users\\admin1\\.m2\\repository\\org\\springframework\\boot\\spring-boot\\2.0.3.RELEASE\\spring-boot-2.0.3.RELEASE.jar","sourceContainerUrl":"file:/C:/Users/admin1/.m2/repository/org/springframework/boot/spring-boot/2.0.3.RELEASE/spring-boot-2.0.3.RELEASE-sources.jar","javadocContainerUrl":"file:/C:/Users/admin1/.m2/repository/org/springframework/boot/spring-boot/2.0.3.RELEASE/spring-boot-2.0.3.RELEASE-javadoc.jar","isSystem":false,"isOwn":false,"isTest":false,"isJavaContent":false},{"kind":"binary","path":"C:\\Users\\admin1\\.m2\\repository\\org\\springframework\\boot\\spring-boot-autoconfigure\\2.0.3.RELEASE\\spring-boot-autoconfigure-2.0.3.RELEASE.jar","sourceContainerUrl":"file:/C:/Users/admin1/.m2/repository/org/springframework/boot/spring-boot-autoconfigure/2.0.3.RELEASE/spring-boot-autoconfigure-2.0.3.RELEASE-sources.jar","javadocContainerUrl":"file:/C:/Users/admin1/.m2/repository/org/springframework/boot/spring-boot-autoconfigure/2.0.3.RELEASE/spring-boot-autoconfigure-2.0.3.RELEASE-javadoc.jar","isSystem":false,"isOwn":false,"isTest":false,"isJavaContent":false},{"kind":"binary","path":"C:\\Users\\admin1\\.m2\\repository\\org\\springframework\\boot\\spring-boot-starter-logging\\2.0.3.RELEASE\\spring-boot-starter-logging-2.0.3.RELEASE.jar","sourceContainerUrl":"file:/C:/Users/admin1/.m2/repository/org/springframework/boot/spring-boot-starter-logging/2.0.3.RELEASE/spring-boot-starter-logging-2.0.3.RELEASE-sources.jar","isSystem":false,"isOwn":false,"isTest":false,"isJavaContent":false},{"kind":"binary","path":"C:\\Users\\admin1\\.m2\\repository\\ch\\qos\\logback\\logback-classic\\1.2.3\\logback-classic-1.2.3.jar","sourceContainerUrl":"file:/C:/Users/admin1/.m2/repository/ch/qos/logback/logback-classic/1.2.3/logback-classic-1.2.3-sources.jar","javadocContainerUrl":"file:/C:/Users/admin1/.m2/repository/ch/qos/logback/logback-classic/1.2.3/logback-classic-1.2.3-javadoc.jar","isSystem":false,"isOwn":false,"isTest":false,"isJavaContent":false},{"kind":"binary","path":"C:\\Users\\admin1\\.m2\\repository\\ch\\qos\\logback\\logback-core\\1.2.3\\logback-core-1.2.3.jar","sourceContainerUrl":"file:/C:/Users/admin1/.m2/repository/ch/qos/logback/logback-core/1.2.3/logback-core-1.2.3-sources.jar","javadocContainerUrl":"file:/C:/Users/admin1/.m2/repository/ch/qos/logback/logback-core/1.2.3/logback-core-1.2.3-javadoc.jar","isSystem":false,"isOwn":false,"isTest":false,"isJavaContent":false},{"kind":"binary","path":"C:\\Users\\admin1\\.m2\\repository\\org\\apache\\logging\\log4j\\log4j-to-slf4j\\2.10.0\\log4j-to-slf4j-2.10.0.jar","sourceContainerUrl":"file:/C:/Users/admin1/.m2/repository/org/apache/logging/log4j/log4j-to-slf4j/2.10.0/log4j-to-slf4j-2.10.0-sources.jar","javadocContainerUrl":"file:/C:/Users/admin1/.m2/repository/org/apache/logging/log4j/log4j-to-slf4j/2.10.0/log4j-to-slf4j-2.10.0-javadoc.jar","isSystem":false,"isOwn":false,"isTest":false,"isJavaContent":false},{"kind":"binary","path":"C:\\Users\\admin1\\.m2\\repository\\org\\apache\\logging\\log4j\\log4j-api\\2.10.0\\log4j-api-2.10.0.jar","sourceContainerUrl":"file:/C:/Users/admin1/.m2/repository/org/apache/logging/log4j/log4j-api/2.10.0/log4j-api-2.10.0-sources.jar","javadocContainerUrl":"file:/C:/Users/admin1/.m2/repository/org/apache/logging/log4j/log4j-api/2.10.0/log4j-api-2.10.0-javadoc.jar","isSystem":false,"isOwn":false,"isTest":false,"isJavaContent":false},{"kind":"binary","path":"C:\\Users\\admin1\\.m2\\repository\\org\\slf4j\\jul-to-slf4j\\1.7.25\\jul-to-slf4j-1.7.25.jar","sourceContainerUrl":"file:/C:/Users/admin1/.m2/repository/org/slf4j/jul-to-slf4j/1.7.25/jul-to-slf4j-1.7.25-sources.jar","javadocContainerUrl":"file:/C:/Users/admin1/.m2/repository/org/slf4j/jul-to-slf4j/1.7.25/jul-to-slf4j-1.7.25-javadoc.jar","isSystem":false,"isOwn":false,"isTest":false,"isJavaContent":false},{"kind":"binary","path":"C:\\Users\\admin1\\.m2\\repository\\org\\yaml\\snakeyaml\\1.19\\snakeyaml-1.19.jar","sourceContainerUrl":"file:/C:/Users/admin1/.m2/repository/org/yaml/snakeyaml/1.19/snakeyaml-1.19-sources.jar","javadocContainerUrl":"file:/C:/Users/admin1/.m2/repository/org/yaml/snakeyaml/1.19/snakeyaml-1.19-javadoc.jar","isSystem":false,"isOwn":false,"isTest":false,"isJavaContent":false},{"kind":"binary","path":"C:\\Users\\admin1\\.m2\\repository\\org\\springframework\\boot\\spring-boot-starter-aop\\2.0.3.RELEASE\\spring-boot-starter-aop-2.0.3.RELEASE.jar","sourceContainerUrl":"file:/C:/Users/admin1/.m2/repository/org/springframework/boot/spring-boot-starter-aop/2.0.3.RELEASE/spring-boot-starter-aop-2.0.3.RELEASE-sources.jar","isSystem":false,"isOwn":false,"isTest":false,"isJavaContent":false},{"kind":"binary","path":"C:\\Users\\admin1\\.m2\\repository\\org\\aspectj\\aspectjweaver\\1.8.13\\aspectjweaver-1.8.13.jar","sourceContainerUrl":"file:/C:/Users/admin1/.m2/repository/org/aspectj/aspectjweaver/1.8.13/aspectjweaver-1.8.13-sources.jar","javadocContainerUrl":"file:/C:/Users/admin1/.m2/repository/org/aspectj/aspectjweaver/1.8.13/aspectjweaver-1.8.13-javadoc.jar","isSystem":false,"isOwn":false,"isTest":false,"isJavaContent":false},{"kind":"binary","path":"C:\\Users\\admin1\\.m2\\repository\\org\\springframework\\boot\\spring-boot-starter-jdbc\\2.0.3.RELEASE\\spring-boot-starter-jdbc-2.0.3.RELEASE.jar","sourceContainerUrl":"file:/C:/Users/admin1/.m2/repository/org/springframework/boot/spring-boot-starter-jdbc/2.0.3.RELEASE/spring-boot-starter-jdbc-2.0.3.RELEASE-sources.jar","isSystem":false,"isOwn":false,"isTest":false,"isJavaContent":false},{"kind":"binary","path":"C:\\Users\\admin1\\.m2\\repository\\com\\zaxxer\\HikariCP\\2.7.9\\HikariCP-2.7.9.jar","sourceContainerUrl":"file:/C:/Users/admin1/.m2/repository/com/zaxxer/HikariCP/2.7.9/HikariCP-2.7.9-sources.jar","javadocContainerUrl":"file:/C:/Users/admin1/.m2/repository/com/zaxxer/HikariCP/2.7.9/HikariCP-2.7.9-javadoc.jar","isSystem":false,"isOwn":false,"isTest":false,"isJavaContent":false},{"kind":"binary","path":"C:\\Users\\admin1\\.m2\\repository\\org\\springframework\\spring-jdbc\\5.0.7.RELEASE\\spring-jdbc-5.0.7.RELEASE.jar","sourceContainerUrl":"file:/C:/Users/admin1/.m2/repository/org/springframework/spring-jdbc/5.0.7.RELEASE/spring-jdbc-5.0.7.RELEASE-sources.jar","javadocContainerUrl":"file:/C:/Users/admin1/.m2/repository/org/springframework/spring-jdbc/5.0.7.RELEASE/spring-jdbc-5.0.7.RELEASE-javadoc.jar","isSystem":false,"isOwn":false,"isTest":false,"isJavaContent":false},{"kind":"binary","path":"C:\\Users\\admin1\\.m2\\repository\\org\\hibernate\\hibernate-core\\5.2.17.Final\\hibernate-core-5.2.17.Final.jar","sourceContainerUrl":"file:/C:/Users/admin1/.m2/repository/org/hibernate/hibernate-core/5.2.17.Final/hibernate-core-5.2.17.Final-sources.jar","isSystem":false,"isOwn":false,"isTest":false,"isJavaContent":false},{"kind":"binary","path":"C:\\Users\\admin1\\.m2\\repository\\org\\jboss\\logging\\jboss-logging\\3.3.2.Final\\jboss-logging-3.3.2.Final.jar","sourceContainerUrl":"file:/C:/Users/admin1/.m2/repository/org/jboss/logging/jboss-logging/3.3.2.Final/jboss-logging-3.3.2.Final-sources.jar","javadocContainerUrl":"file:/C:/Users/admin1/.m2/repository/org/jboss/logging/jboss-logging/3.3.2.Final/jboss-logging-3.3.2.Final-javadoc.jar","isSystem":false,"isOwn":false,"isTest":false,"isJavaContent":false},{"kind":"binary","path":"C:\\Users\\admin1\\.m2\\repository\\org\\hibernate\\javax\\persistence\\hibernate-jpa-2.1-api\\1.0.2.Final\\hibernate-jpa-2.1-api-1.0.2.Final.jar","sourceContainerUrl":"file:/C:/Users/admin1/.m2/repository/org/hibernate/javax/persistence/hibernate-jpa-2.1-api/1.0.2.Final/hibernate-jpa-2.1-api-1.0.2.Final-sources.jar","javadocContainerUrl":"file:/C:/Users/admin1/.m2/repository/org/hibernate/javax/persistence/hibernate-jpa-2.1-api/1.0.2.Final/hibernate-jpa-2.1-api-1.0.2.Final-javadoc.jar","isSystem":false,"isOwn":false,"isTest":false,"isJavaContent":false},{"kind":"binary","path":"C:\\Users\\admin1\\.m2\\repository\\org\\javassist\\javassist\\3.22.0-GA\\javassist-3.22.0-GA.jar","sourceContainerUrl":"file:/C:/Users/admin1/.m2/repository/org/javassist/javassist/3.22.0-GA/javassist-3.22.0-GA-sources.jar","javadocContainerUrl":"file:/C:/Users/admin1/.m2/repository/org/javassist/javassist/3.22.0-GA/javassist-3.22.0-GA-javadoc.jar","isSystem":false,"isOwn":false,"isTest":false,"isJavaContent":false},{"kind":"binary","path":"C:\\Users\\admin1\\.m2\\repository\\antlr\\antlr\\2.7.7\\antlr-2.7.7.jar","isSystem":false,"isOwn":false,"isTest":false,"isJavaContent":false},{"kind":"binary","path":"C:\\Users\\admin1\\.m2\\repository\\org\\jboss\\jandex\\2.0.3.Final\\jandex-2.0.3.Final.jar","sourceContainerUrl":"file:/C:/Users/admin1/.m2/repository/org/jboss/jandex/2.0.3.Final/jandex-2.0.3.Final-sources.jar","isSystem":false,"isOwn":false,"isTest":false,"isJavaContent":false},{"kind":"binary","path":"C:\\Users\\admin1\\.m2\\repository\\com\\fasterxml\\classmate\\1.3.4\\classmate-1.3.4.jar","sourceContainerUrl":"file:/C:/Users/admin1/.m2/repository/com/fasterxml/classmate/1.3.4/classmate-1.3.4-sources.jar","javadocContainerUrl":"file:/C:/Users/admin1/.m2/repository/com/fasterxml/classmate/1.3.4/classmate-1.3.4-javadoc.jar","isSystem":false,"isOwn":false,"isTest":false,"isJavaContent":false},{"kind":"binary","path":"C:\\Users\\admin1\\.m2\\repository\\dom4j\\dom4j\\1.6.1\\dom4j-1.6.1.jar","sourceContainerUrl":"file:/C:/Users/admin1/.m2/repository/dom4j/dom4j/1.6.1/dom4j-1.6.1-sources.jar","isSystem":false,"isOwn":false,"isTest":false,"isJavaContent":false},{"kind":"binary","path":"C:\\Users\\admin1\\.m2\\repository\\org\\hibernate\\common\\hibernate-commons-annotations\\5.0.1.Final\\hibernate-commons-annotations-5.0.1.Final.jar","sourceContainerUrl":"file:/C:/Users/admin1/.m2/repository/org/hibernate/common/hibernate-commons-annotations/5.0.1.Final/hibernate-commons-annotations-5.0.1.Final-sources.jar","isSystem":false,"isOwn":false,"isTest":false,"isJavaContent":false},{"kind":"binary","path":"C:\\Users\\admin1\\.m2\\repository\\javax\\transaction\\javax.transaction-api\\1.2\\javax.transaction-api-1.2.jar","sourceContainerUrl":"file:/C:/Users/admin1/.m2/repository/javax/transaction/javax.transaction-api/1.2/javax.transaction-api-1.2-sources.jar","javadocContainerUrl":"file:/C:/Users/admin1/.m2/repository/javax/transaction/javax.transaction-api/1.2/javax.transaction-api-1.2-javadoc.jar","isSystem":false,"isOwn":false,"isTest":false,"isJavaContent":false},{"kind":"binary","path":"C:\\Users\\admin1\\.m2\\repository\\org\\springframework\\data\\spring-data-jpa\\2.0.8.RELEASE\\spring-data-jpa-2.0.8.RELEASE.jar","sourceContainerUrl":"file:/C:/Users/admin1/.m2/repository/org/springframework/data/spring-data-jpa/2.0.8.RELEASE/spring-data-jpa-2.0.8.RELEASE-sources.jar","javadocContainerUrl":"file:/C:/Users/admin1/.m2/repository/org/springframework/data/spring-data-jpa/2.0.8.RELEASE/spring-data-jpa-2.0.8.RELEASE-javadoc.jar","isSystem":false,"isOwn":false,"isTest":false,"isJavaContent":false},{"kind":"binary","path":"C:\\Users\\admin1\\.m2\\repository\\org\\springframework\\data\\spring-data-commons\\2.0.8.RELEASE\\spring-data-commons-2.0.8.RELEASE.jar","sourceContainerUrl":"file:/C:/Users/admin1/.m2/repository/org/springframework/data/spring-data-commons/2.0.8.RELEASE/spring-data-commons-2.0.8.RELEASE-sources.jar","javadocContainerUrl":"file:/C:/Users/admin1/.m2/repository/org/springframework/data/spring-data-commons/2.0.8.RELEASE/spring-data-commons-2.0.8.RELEASE-javadoc.jar","isSystem":false,"isOwn":false,"isTest":false,"isJavaContent":false},{"kind":"binary","path":"C:\\Users\\admin1\\.m2\\repository\\org\\springframework\\spring-orm\\5.0.7.RELEASE\\spring-orm-5.0.7.RELEASE.jar","sourceContainerUrl":"file:/C:/Users/admin1/.m2/repository/org/springframework/spring-orm/5.0.7.RELEASE/spring-orm-5.0.7.RELEASE-sources.jar","javadocContainerUrl":"file:/C:/Users/admin1/.m2/repository/org/springframework/spring-orm/5.0.7.RELEASE/spring-orm-5.0.7.RELEASE-javadoc.jar","isSystem":false,"isOwn":false,"isTest":false,"isJavaContent":false},{"kind":"binary","path":"C:\\Users\\admin1\\.m2\\repository\\org\\springframework\\spring-tx\\5.0.7.RELEASE\\spring-tx-5.0.7.RELEASE.jar","sourceContainerUrl":"file:/C:/Users/admin1/.m2/repository/org/springframework/spring-tx/5.0.7.RELEASE/spring-tx-5.0.7.RELEASE-sources.jar","javadocContainerUrl":"file:/C:/Users/admin1/.m2/repository/org/springframework/spring-tx/5.0.7.RELEASE/spring-tx-5.0.7.RELEASE-javadoc.jar","isSystem":false,"isOwn":false,"isTest":false,"isJavaContent":false},{"kind":"binary","path":"C:\\Users\\admin1\\.m2\\repository\\org\\slf4j\\slf4j-api\\1.7.25\\slf4j-api-1.7.25.jar","sourceContainerUrl":"file:/C:/Users/admin1/.m2/repository/org/slf4j/slf4j-api/1.7.25/slf4j-api-1.7.25-sources.jar","javadocContainerUrl":"file:/C:/Users/admin1/.m2/repository/org/slf4j/slf4j-api/1.7.25/slf4j-api-1.7.25-javadoc.jar","isSystem":false,"isOwn":false,"isTest":false,"isJavaContent":false},{"kind":"binary","path":"C:\\Users\\admin1\\.m2\\repository\\org\\springframework\\spring-aspects\\5.0.7.RELEASE\\spring-aspects-5.0.7.RELEASE.jar","sourceContainerUrl":"file:/C:/Users/admin1/.m2/repository/org/springframework/spring-aspects/5.0.7.RELEASE/spring-aspects-5.0.7.RELEASE-sources.jar","javadocContainerUrl":"file:/C:/Users/admin1/.m2/repository/org/springframework/spring-aspects/5.0.7.RELEASE/spring-aspects-5.0.7.RELEASE-javadoc.jar","isSystem":false,"isOwn":false,"isTest":false,"isJavaContent":false},{"kind":"binary","path":"C:\\Users\\admin1\\.m2\\repository\\org\\springframework\\boot\\spring-boot-starter-security\\2.0.3.RELEASE\\spring-boot-starter-security-2.0.3.RELEASE.jar","sourceContainerUrl":"file:/C:/Users/admin1/.m2/repository/org/springframework/boot/spring-boot-starter-security/2.0.3.RELEASE/spring-boot-starter-security-2.0.3.RELEASE-sources.jar","isSystem":false,"isOwn":false,"isTest":false,"isJavaContent":false},{"kind":"binary","path":"C:\\Users\\admin1\\.m2\\repository\\org\\springframework\\spring-aop\\5.0.7.RELEASE\\spring-aop-5.0.7.RELEASE.jar","sourceContainerUrl":"file:/C:/Users/admin1/.m2/repository/org/springframework/spring-aop/5.0.7.RELEASE/spring-aop-5.0.7.RELEASE-sources.jar","javadocContainerUrl":"file:/C:/Users/admin1/.m2/repository/org/springframework/spring-aop/5.0.7.RELEASE/spring-aop-5.0.7.RELEASE-javadoc.jar","isSystem":false,"isOwn":false,"isTest":false,"isJavaContent":false},{"kind":"binary","path":"C:\\Users\\admin1\\.m2\\repository\\org\\springframework\\security\\spring-security-config\\5.0.6.RELEASE\\spring-security-config-5.0.6.RELEASE.jar","sourceContainerUrl":"file:/C:/Users/admin1/.m2/repository/org/springframework/security/spring-security-config/5.0.6.RELEASE/spring-security-config-5.0.6.RELEASE-sources.jar","javadocContainerUrl":"file:/C:/Users/admin1/.m2/repository/org/springframework/security/spring-security-config/5.0.6.RELEASE/spring-security-config-5.0.6.RELEASE-javadoc.jar","isSystem":false,"isOwn":false,"isTest":false,"isJavaContent":false},{"kind":"binary","path":"C:\\Users\\admin1\\.m2\\repository\\org\\springframework\\security\\spring-security-web\\5.0.6.RELEASE\\spring-security-web-5.0.6.RELEASE.jar","sourceContainerUrl":"file:/C:/Users/admin1/.m2/repository/org/springframework/security/spring-security-web/5.0.6.RELEASE/spring-security-web-5.0.6.RELEASE-sources.jar","javadocContainerUrl":"file:/C:/Users/admin1/.m2/repository/org/springframework/security/spring-security-web/5.0.6.RELEASE/spring-security-web-5.0.6.RELEASE-javadoc.jar","isSystem":false,"isOwn":false,"isTest":false,"isJavaContent":false},{"kind":"binary","path":"C:\\Users\\admin1\\.m2\\repository\\org\\springframework\\boot\\spring-boot-starter-web\\2.0.3.RELEASE\\spring-boot-starter-web-2.0.3.RELEASE.jar","sourceContainerUrl":"file:/C:/Users/admin1/.m2/repository/org/springframework/boot/spring-boot-starter-web/2.0.3.RELEASE/spring-boot-starter-web-2.0.3.RELEASE-sources.jar","isSystem":false,"isOwn":false,"isTest":false,"isJavaContent":false},{"kind":"binary","path":"C:\\Users\\admin1\\.m2\\repository\\org\\springframework\\boot\\spring-boot-starter-json\\2.0.3.RELEASE\\spring-boot-starter-json-2.0.3.RELEASE.jar","sourceContainerUrl":"file:/C:/Users/admin1/.m2/repository/org/springframework/boot/spring-boot-starter-json/2.0.3.RELEASE/spring-boot-starter-json-2.0.3.RELEASE-sources.jar","isSystem":false,"isOwn":false,"isTest":false,"isJavaContent":false},{"kind":"binary","path":"C:\\Users\\admin1\\.m2\\repository\\com\\fasterxml\\jackson\\core\\jackson-databind\\2.9.6\\jackson-databind-2.9.6.jar","sourceContainerUrl":"file:/C:/Users/admin1/.m2/repository/com/fasterxml/jackson/core/jackson-databind/2.9.6/jackson-databind-2.9.6-sources.jar","javadocContainerUrl":"file:/C:/Users/admin1/.m2/repository/com/fasterxml/jackson/core/jackson-databind/2.9.6/jackson-databind-2.9.6-javadoc.jar","isSystem":false,"isOwn":false,"isTest":false,"isJavaContent":false},{"kind":"binary","path":"C:\\Users\\admin1\\.m2\\repository\\com\\fasterxml\\jackson\\core\\jackson-annotations\\2.9.0\\jackson-annotations-2.9.0.jar","sourceContainerUrl":"file:/C:/Users/admin1/.m2/repository/com/fasterxml/jackson/core/jackson-annotations/2.9.0/jackson-annotations-2.9.0-sources.jar","javadocContainerUrl":"file:/C:/Users/admin1/.m2/repository/com/fasterxml/jackson/core/jackson-annotations/2.9.0/jackson-annotations-2.9.0-javadoc.jar","isSystem":false,"isOwn":false,"isTest":false,"isJavaContent":false},{"kind":"binary","path":"C:\\Users\\admin1\\.m2\\repository\\com\\fasterxml\\jackson\\core\\jackson-core\\2.9.6\\jackson-core-2.9.6.jar","sourceContainerUrl":"file:/C:/Users/admin1/.m2/repository/com/fasterxml/jackson/core/jackson-core/2.9.6/jackson-core-2.9.6-sources.jar","javadocContainerUrl":"file:/C:/Users/admin1/.m2/repository/com/fasterxml/jackson/core/jackson-core/2.9.6/jackson-core-2.9.6-javadoc.jar","isSystem":false,"isOwn":false,"isTest":false,"isJavaContent":false},{"kind":"binary","path":"C:\\Users\\admin1\\.m2\\repository\\com\\fasterxml\\jackson\\datatype\\jackson-datatype-jdk8\\2.9.6\\jackson-datatype-jdk8-2.9.6.jar","sourceContainerUrl":"file:/C:/Users/admin1/.m2/repository/com/fasterxml/jackson/datatype/jackson-datatype-jdk8/2.9.6/jackson-datatype-jdk8-2.9.6-sources.jar","javadocContainerUrl":"file:/C:/Users/admin1/.m2/repository/com/fasterxml/jackson/datatype/jackson-datatype-jdk8/2.9.6/jackson-datatype-jdk8-2.9.6-javadoc.jar","isSystem":false,"isOwn":false,"isTest":false,"isJavaContent":false},{"kind":"binary","path":"C:\\Users\\admin1\\.m2\\repository\\com\\fasterxml\\jackson\\datatype\\jackson-datatype-jsr310\\2.9.6\\jackson-datatype-jsr310-2.9.6.jar","sourceContainerUrl":"file:/C:/Users/admin1/.m2/repository/com/fasterxml/jackson/datatype/jackson-datatype-jsr310/2.9.6/jackson-datatype-jsr310-2.9.6-sources.jar","javadocContainerUrl":"file:/C:/Users/admin1/.m2/repository/com/fasterxml/jackson/datatype/jackson-datatype-jsr310/2.9.6/jackson-datatype-jsr310-2.9.6-javadoc.jar","isSystem":false,"isOwn":false,"isTest":false,"isJavaContent":false},{"kind":"binary","path":"C:\\Users\\admin1\\.m2\\repository\\com\\fasterxml\\jackson\\module\\jackson-module-parameter-names\\2.9.6\\jackson-module-parameter-names-2.9.6.jar","sourceContainerUrl":"file:/C:/Users/admin1/.m2/repository/com/fasterxml/jackson/module/jackson-module-parameter-names/2.9.6/jackson-module-parameter-names-2.9.6-sources.jar","javadocContainerUrl":"file:/C:/Users/admin1/.m2/repository/com/fasterxml/jackson/module/jackson-module-parameter-names/2.9.6/jackson-module-parameter-names-2.9.6-javadoc.jar","isSystem":false,"isOwn":false,"isTest":false,"isJavaContent":false},{"kind":"binary","path":"C:\\Users\\admin1\\.m2\\repository\\org\\hibernate\\validator\\hibernate-validator\\6.0.10.Final\\hibernate-validator-6.0.10.Final.jar","sourceContainerUrl":"file:/C:/Users/admin1/.m2/repository/org/hibernate/validator/hibernate-validator/6.0.10.Final/hibernate-validator-6.0.10.Final-sources.jar","isSystem":false,"isOwn":false,"isTest":false,"isJavaContent":false},{"kind":"binary","path":"C:\\Users\\admin1\\.m2\\repository\\javax\\validation\\validation-api\\2.0.1.Final\\validation-api-2.0.1.Final.jar","sourceContainerUrl":"file:/C:/Users/admin1/.m2/repository/javax/validation/validation-api/2.0.1.Final/validation-api-2.0.1.Final-sources.jar","javadocContainerUrl":"file:/C:/Users/admin1/.m2/repository/javax/validation/validation-api/2.0.1.Final/validation-api-2.0.1.Final-javadoc.jar","isSystem":false,"isOwn":false,"isTest":false,"isJavaContent":false},{"kind":"binary","path":"C:\\Users\\admin1\\.m2\\repository\\org\\springframework\\spring-web\\5.0.7.RELEASE\\spring-web-5.0.7.RELEASE.jar","sourceContainerUrl":"file:/C:/Users/admin1/.m2/repository/org/springframework/spring-web/5.0.7.RELEASE/spring-web-5.0.7.RELEASE-sources.jar","javadocContainerUrl":"file:/C:/Users/admin1/.m2/repository/org/springframework/spring-web/5.0.7.RELEASE/spring-web-5.0.7.RELEASE-javadoc.jar","isSystem":false,"isOwn":false,"isTest":false,"isJavaContent":false},{"kind":"binary","path":"C:\\Users\\admin1\\.m2\\repository\\org\\springframework\\spring-webmvc\\5.0.7.RELEASE\\spring-webmvc-5.0.7.RELEASE.jar","sourceContainerUrl":"file:/C:/Users/admin1/.m2/repository/org/springframework/spring-webmvc/5.0.7.RELEASE/spring-webmvc-5.0.7.RELEASE-sources.jar","javadocContainerUrl":"file:/C:/Users/admin1/.m2/repository/org/springframework/spring-webmvc/5.0.7.RELEASE/spring-webmvc-5.0.7.RELEASE-javadoc.jar","isSystem":false,"isOwn":false,"isTest":false,"isJavaContent":false},{"kind":"binary","path":"C:\\Users\\admin1\\.m2\\repository\\mysql\\mysql-connector-java\\8.0.12\\mysql-connector-java-8.0.12.jar","sourceContainerUrl":"file:/C:/Users/admin1/.m2/repository/mysql/mysql-connector-java/8.0.12/mysql-connector-java-8.0.12-sources.jar","isSystem":false,"isOwn":false,"isTest":false,"isJavaContent":false},{"kind":"binary","path":"C:\\Users\\admin1\\.m2\\repository\\com\\google\\protobuf\\protobuf-java\\2.6.0\\protobuf-java-2.6.0.jar","sourceContainerUrl":"file:/C:/Users/admin1/.m2/repository/com/google/protobuf/protobuf-java/2.6.0/protobuf-java-2.6.0-sources.jar","javadocContainerUrl":"file:/C:/Users/admin1/.m2/repository/com/google/protobuf/protobuf-java/2.6.0/protobuf-java-2.6.0-javadoc.jar","isSystem":false,"isOwn":false,"isTest":false,"isJavaContent":false},{"kind":"binary","path":"C:\\Users\\admin1\\.m2\\repository\\org\\springframework\\boot\\spring-boot-starter-tomcat\\2.0.3.RELEASE\\spring-boot-starter-tomcat-2.0.3.RELEASE.jar","sourceContainerUrl":"file:/C:/Users/admin1/.m2/repository/org/springframework/boot/spring-boot-starter-tomcat/2.0.3.RELEASE/spring-boot-starter-tomcat-2.0.3.RELEASE-sources.jar","isSystem":false,"isOwn":false,"isTest":false,"isJavaContent":false},{"kind":"binary","path":"C:\\Users\\admin1\\.m2\\repository\\javax\\annotation\\javax.annotation-api\\1.3.2\\javax.annotation-api-1.3.2.jar","sourceContainerUrl":"file:/C:/Users/admin1/.m2/repository/javax/annotation/javax.annotation-api/1.3.2/javax.annotation-api-1.3.2-sources.jar","javadocContainerUrl":"file:/C:/Users/admin1/.m2/repository/javax/annotation/javax.annotation-api/1.3.2/javax.annotation-api-1.3.2-javadoc.jar","isSystem":false,"isOwn":false,"isTest":false,"isJavaContent":false},{"kind":"binary","path":"C:\\Users\\admin1\\.m2\\repository\\org\\apache\\tomcat\\embed\\tomcat-embed-core\\8.5.31\\tomcat-embed-core-8.5.31.jar","sourceContainerUrl":"file:/C:/Users/admin1/.m2/repository/org/apache/tomcat/embed/tomcat-embed-core/8.5.31/tomcat-embed-core-8.5.31-sources.jar","isSystem":false,"isOwn":false,"isTest":false,"isJavaContent":false},{"kind":"binary","path":"C:\\Users\\admin1\\.m2\\repository\\org\\apache\\tomcat\\embed\\tomcat-embed-el\\8.5.31\\tomcat-embed-el-8.5.31.jar","sourceContainerUrl":"file:/C:/Users/admin1/.m2/repository/org/apache/tomcat/embed/tomcat-embed-el/8.5.31/tomcat-embed-el-8.5.31-sources.jar","isSystem":false,"isOwn":false,"isTest":false,"isJavaContent":false},{"kind":"binary","path":"C:\\Users\\admin1\\.m2\\repository\\org\\apache\\tomcat\\embed\\tomcat-embed-websocket\\8.5.31\\tomcat-embed-websocket-8.5.31.jar","sourceContainerUrl":"file:/C:/Users/admin1/.m2/repository/org/apache/tomcat/embed/tomcat-embed-websocket/8.5.31/tomcat-embed-websocket-8.5.31-sources.jar","isSystem":false,"isOwn":false,"isTest":false,"isJavaContent":false},{"kind":"binary","path":"C:\\Users\\admin1\\.m2\\repository\\org\\springframework\\boot\\spring-boot-starter-test\\2.0.3.RELEASE\\spring-boot-starter-test-2.0.3.RELEASE.jar","sourceContainerUrl":"file:/C:/Users/admin1/.m2/repository/org/springframework/boot/spring-boot-starter-test/2.0.3.RELEASE/spring-boot-starter-test-2.0.3.RELEASE-sources.jar","isSystem":false,"isOwn":false,"isTest":false,"isJavaContent":false},{"kind":"binary","path":"C:\\Users\\admin1\\.m2\\repository\\org\\springframework\\boot\\spring-boot-test\\2.0.3.RELEASE\\spring-boot-test-2.0.3.RELEASE.jar","sourceContainerUrl":"file:/C:/Users/admin1/.m2/repository/org/springframework/boot/spring-boot-test/2.0.3.RELEASE/spring-boot-test-2.0.3.RELEASE-sources.jar","javadocContainerUrl":"file:/C:/Users/admin1/.m2/repository/org/springframework/boot/spring-boot-test/2.0.3.RELEASE/spring-boot-test-2.0.3.RELEASE-javadoc.jar","isSystem":false,"isOwn":false,"isTest":false,"isJavaContent":false},{"kind":"binary","path":"C:\\Users\\admin1\\.m2\\repository\\org\\springframework\\boot\\spring-boot-test-autoconfigure\\2.0.3.RELEASE\\spring-boot-test-autoconfigure-2.0.3.RELEASE.jar","sourceContainerUrl":"file:/C:/Users/admin1/.m2/repository/org/springframework/boot/spring-boot-test-autoconfigure/2.0.3.RELEASE/spring-boot-test-autoconfigure-2.0.3.RELEASE-sources.jar","javadocContainerUrl":"file:/C:/Users/admin1/.m2/repository/org/springframework/boot/spring-boot-test-autoconfigure/2.0.3.RELEASE/spring-boot-test-autoconfigure-2.0.3.RELEASE-javadoc.jar","isSystem":false,"isOwn":false,"isTest":false,"isJavaContent":false},{"kind":"binary","path":"C:\\Users\\admin1\\.m2\\repository\\com\\jayway\\jsonpath\\json-path\\2.4.0\\json-path-2.4.0.jar","sourceContainerUrl":"file:/C:/Users/admin1/.m2/repository/com/jayway/jsonpath/json-path/2.4.0/json-path-2.4.0-sources.jar","javadocContainerUrl":"file:/C:/Users/admin1/.m2/repository/com/jayway/jsonpath/json-path/2.4.0/json-path-2.4.0-javadoc.jar","isSystem":false,"isOwn":false,"isTest":false,"isJavaContent":false},{"kind":"binary","path":"C:\\Users\\admin1\\.m2\\repository\\net\\minidev\\json-smart\\2.3\\json-smart-2.3.jar","sourceContainerUrl":"file:/C:/Users/admin1/.m2/repository/net/minidev/json-smart/2.3/json-smart-2.3-sources.jar","javadocContainerUrl":"file:/C:/Users/admin1/.m2/repository/net/minidev/json-smart/2.3/json-smart-2.3-javadoc.jar","isSystem":false,"isOwn":false,"isTest":false,"isJavaContent":false},{"kind":"binary","path":"C:\\Users\\admin1\\.m2\\repository\\net\\minidev\\accessors-smart\\1.2\\accessors-smart-1.2.jar","sourceContainerUrl":"file:/C:/Users/admin1/.m2/repository/net/minidev/accessors-smart/1.2/accessors-smart-1.2-sources.jar","javadocContainerUrl":"file:/C:/Users/admin1/.m2/repository/net/minidev/accessors-smart/1.2/accessors-smart-1.2-javadoc.jar","isSystem":false,"isOwn":false,"isTest":false,"isJavaContent":false},{"kind":"binary","path":"C:\\Users\\admin1\\.m2\\repository\\org\\ow2\\asm\\asm\\5.0.4\\asm-5.0.4.jar","sourceContainerUrl":"file:/C:/Users/admin1/.m2/repository/org/ow2/asm/asm/5.0.4/asm-5.0.4-sources.jar","javadocContainerUrl":"file:/C:/Users/admin1/.m2/repository/org/ow2/asm/asm/5.0.4/asm-5.0.4-javadoc.jar","isSystem":false,"isOwn":false,"isTest":false,"isJavaContent":false},{"kind":"binary","path":"C:\\Users\\admin1\\.m2\\repository\\junit\\junit\\4.12\\junit-4.12.jar","sourceContainerUrl":"file:/C:/Users/admin1/.m2/repository/junit/junit/4.12/junit-4.12-sources.jar","javadocContainerUrl":"file:/C:/Users/admin1/.m2/repository/junit/junit/4.12/junit-4.12-javadoc.jar","isSystem":false,"isOwn":false,"isTest":false,"isJavaContent":false},{"kind":"binary","path":"C:\\Users\\admin1\\.m2\\repository\\org\\assertj\\assertj-core\\3.9.1\\assertj-core-3.9.1.jar","sourceContainerUrl":"file:/C:/Users/admin1/.m2/repository/org/assertj/assertj-core/3.9.1/assertj-core-3.9.1-sources.jar","javadocContainerUrl":"file:/C:/Users/admin1/.m2/repository/org/assertj/assertj-core/3.9.1/assertj-core-3.9.1-javadoc.jar","isSystem":false,"isOwn":false,"isTest":false,"isJavaContent":false},{"kind":"binary","path":"C:\\Users\\admin1\\.m2\\repository\\org\\mockito\\mockito-core\\2.15.0\\mockito-core-2.15.0.jar","sourceContainerUrl":"file:/C:/Users/admin1/.m2/repository/org/mockito/mockito-core/2.15.0/mockito-core-2.15.0-sources.jar","javadocContainerUrl":"file:/C:/Users/admin1/.m2/repository/org/mockito/mockito-core/2.15.0/mockito-core-2.15.0-javadoc.jar","isSystem":false,"isOwn":false,"isTest":false,"isJavaContent":false},{"kind":"binary","path":"C:\\Users\\admin1\\.m2\\repository\\net\\bytebuddy\\byte-buddy\\1.7.11\\byte-buddy-1.7.11.jar","sourceContainerUrl":"file:/C:/Users/admin1/.m2/repository/net/bytebuddy/byte-buddy/1.7.11/byte-buddy-1.7.11-sources.jar","javadocContainerUrl":"file:/C:/Users/admin1/.m2/repository/net/bytebuddy/byte-buddy/1.7.11/byte-buddy-1.7.11-javadoc.jar","isSystem":false,"isOwn":false,"isTest":false,"isJavaContent":false},{"kind":"binary","path":"C:\\Users\\admin1\\.m2\\repository\\net\\bytebuddy\\byte-buddy-agent\\1.7.11\\byte-buddy-agent-1.7.11.jar","sourceContainerUrl":"file:/C:/Users/admin1/.m2/repository/net/bytebuddy/byte-buddy-agent/1.7.11/byte-buddy-agent-1.7.11-sources.jar","javadocContainerUrl":"file:/C:/Users/admin1/.m2/repository/net/bytebuddy/byte-buddy-agent/1.7.11/byte-buddy-agent-1.7.11-javadoc.jar","isSystem":false,"isOwn":false,"isTest":false,"isJavaContent":false},{"kind":"binary","path":"C:\\Users\\admin1\\.m2\\repository\\org\\objenesis\\objenesis\\2.6\\objenesis-2.6.jar","sourceContainerUrl":"file:/C:/Users/admin1/.m2/repository/org/objenesis/objenesis/2.6/objenesis-2.6-sources.jar","javadocContainerUrl":"file:/C:/Users/admin1/.m2/repository/org/objenesis/objenesis/2.6/objenesis-2.6-javadoc.jar","isSystem":false,"isOwn":false,"isTest":false,"isJavaContent":false},{"kind":"binary","path":"C:\\Users\\admin1\\.m2\\repository\\org\\hamcrest\\hamcrest-core\\1.3\\hamcrest-core-1.3.jar","sourceContainerUrl":"file:/C:/Users/admin1/.m2/repository/org/hamcrest/hamcrest-core/1.3/hamcrest-core-1.3-sources.jar","javadocContainerUrl":"file:/C:/Users/admin1/.m2/repository/org/hamcrest/hamcrest-core/1.3/hamcrest-core-1.3-javadoc.jar","isSystem":false,"isOwn":false,"isTest":false,"isJavaContent":false},{"kind":"binary","path":"C:\\Users\\admin1\\.m2\\repository\\org\\hamcrest\\hamcrest-library\\1.3\\hamcrest-library-1.3.jar","sourceContainerUrl":"file:/C:/Users/admin1/.m2/repository/org/hamcrest/hamcrest-library/1.3/hamcrest-library-1.3-sources.jar","javadocContainerUrl":"file:/C:/Users/admin1/.m2/repository/org/hamcrest/hamcrest-library/1.3/hamcrest-library-1.3-javadoc.jar","isSystem":false,"isOwn":false,"isTest":false,"isJavaContent":false},{"kind":"binary","path":"C:\\Users\\admin1\\.m2\\repository\\org\\skyscreamer\\jsonassert\\1.5.0\\jsonassert-1.5.0.jar","sourceContainerUrl":"file:/C:/Users/admin1/.m2/repository/org/skyscreamer/jsonassert/1.5.0/jsonassert-1.5.0-sources.jar","javadocContainerUrl":"file:/C:/Users/admin1/.m2/repository/org/skyscreamer/jsonassert/1.5.0/jsonassert-1.5.0-javadoc.jar","isSystem":false,"isOwn":false,"isTest":false,"isJavaContent":false},{"kind":"binary","path":"C:\\Users\\admin1\\.m2\\repository\\com\\vaadin\\external\\google\\android-json\\0.0.20131108.vaadin1\\android-json-0.0.20131108.vaadin1.jar","sourceContainerUrl":"file:/C:/Users/admin1/.m2/repository/com/vaadin/external/google/android-json/0.0.20131108.vaadin1/android-json-0.0.20131108.vaadin1-sources.jar","javadocContainerUrl":"file:/C:/Users/admin1/.m2/repository/com/vaadin/external/google/android-json/0.0.20131108.vaadin1/android-json-0.0.20131108.vaadin1-javadoc.jar","isSystem":false,"isOwn":false,"isTest":false,"isJavaContent":false},{"kind":"binary","path":"C:\\Users\\admin1\\.m2\\repository\\org\\springframework\\spring-core\\5.0.7.RELEASE\\spring-core-5.0.7.RELEASE.jar","sourceContainerUrl":"file:/C:/Users/admin1/.m2/repository/org/springframework/spring-core/5.0.7.RELEASE/spring-core-5.0.7.RELEASE-sources.jar","javadocContainerUrl":"file:/C:/Users/admin1/.m2/repository/org/springframework/spring-core/5.0.7.RELEASE/spring-core-5.0.7.RELEASE-javadoc.jar","isSystem":false,"isOwn":false,"isTest":false,"isJavaContent":false},{"kind":"binary","path":"C:\\Users\\admin1\\.m2\\repository\\org\\springframework\\spring-jcl\\5.0.7.RELEASE\\spring-jcl-5.0.7.RELEASE.jar","sourceContainerUrl":"file:/C:/Users/admin1/.m2/repository/org/springframework/spring-jcl/5.0.7.RELEASE/spring-jcl-5.0.7.RELEASE-sources.jar","javadocContainerUrl":"file:/C:/Users/admin1/.m2/repository/org/springframework/spring-jcl/5.0.7.RELEASE/spring-jcl-5.0.7.RELEASE-javadoc.jar","isSystem":false,"isOwn":false,"isTest":false,"isJavaContent":false},{"kind":"binary","path":"C:\\Users\\admin1\\.m2\\repository\\org\\springframework\\spring-test\\5.0.7.RELEASE\\spring-test-5.0.7.RELEASE.jar","sourceContainerUrl":"file:/C:/Users/admin1/.m2/repository/org/springframework/spring-test/5.0.7.RELEASE/spring-test-5.0.7.RELEASE-sources.jar","javadocContainerUrl":"file:/C:/Users/admin1/.m2/repository/org/springframework/spring-test/5.0.7.RELEASE/spring-test-5.0.7.RELEASE-javadoc.jar","isSystem":false,"isOwn":false,"isTest":false,"isJavaContent":false},{"kind":"binary","path":"C:\\Users\\admin1\\.m2\\repository\\org\\xmlunit\\xmlunit-core\\2.5.1\\xmlunit-core-2.5.1.jar","sourceContainerUrl":"file:/C:/Users/admin1/.m2/repository/org/xmlunit/xmlunit-core/2.5.1/xmlunit-core-2.5.1-sources.jar","javadocContainerUrl":"file:/C:/Users/admin1/.m2/repository/org/xmlunit/xmlunit-core/2.5.1/xmlunit-core-2.5.1-javadoc.jar","isSystem":false,"isOwn":false,"isTest":false,"isJavaContent":false},{"kind":"binary","path":"C:\\Users\\admin1\\.m2\\repository\\javax\\servlet\\jstl\\1.2\\jstl-1.2.jar","sourceContainerUrl":"file:/C:/Users/admin1/.m2/repository/javax/servlet/jstl/1.2/jstl-1.2-sources.jar","isSystem":false,"isOwn":false,"isTest":false,"isJavaContent":false},{"kind":"binary","path":"C:\\Users\\admin1\\.m2\\repository\\org\\springframework\\security\\spring-security-taglibs\\5.0.6.RELEASE\\spring-security-taglibs-5.0.6.RELEASE.jar","sourceContainerUrl":"file:/C:/Users/admin1/.m2/repository/org/springframework/security/spring-security-taglibs/5.0.6.RELEASE/spring-security-taglibs-5.0.6.RELEASE-sources.jar","javadocContainerUrl":"file:/C:/Users/admin1/.m2/repository/org/springframework/security/spring-security-taglibs/5.0.6.RELEASE/spring-security-taglibs-5.0.6.RELEASE-javadoc.jar","isSystem":false,"isOwn":false,"isTest":false,"isJavaContent":false},{"kind":"binary","path":"C:\\Users\\admin1\\.m2\\repository\\org\\springframework\\security\\spring-security-acl\\5.0.6.RELEASE\\spring-security-acl-5.0.6.RELEASE.jar","sourceContainerUrl":"file:/C:/Users/admin1/.m2/repository/org/springframework/security/spring-security-acl/5.0.6.RELEASE/spring-security-acl-5.0.6.RELEASE-sources.jar","javadocContainerUrl":"file:/C:/Users/admin1/.m2/repository/org/springframework/security/spring-security-acl/5.0.6.RELEASE/spring-security-acl-5.0.6.RELEASE-javadoc.jar","isSystem":false,"isOwn":false,"isTest":false,"isJavaContent":false},{"kind":"binary","path":"C:\\Users\\admin1\\.m2\\repository\\org\\springframework\\security\\spring-security-core\\5.0.6.RELEASE\\spring-security-core-5.0.6.RELEASE.jar","sourceContainerUrl":"file:/C:/Users/admin1/.m2/repository/org/springframework/security/spring-security-core/5.0.6.RELEASE/spring-security-core-5.0.6.RELEASE-sources.jar","javadocContainerUrl":"file:/C:/Users/admin1/.m2/repository/org/springframework/security/spring-security-core/5.0.6.RELEASE/spring-security-core-5.0.6.RELEASE-javadoc.jar","isSystem":false,"isOwn":false,"isTest":false,"isJavaContent":false},{"kind":"binary","path":"C:\\Users\\admin1\\.m2\\repository\\org\\springframework\\spring-beans\\5.0.7.RELEASE\\spring-beans-5.0.7.RELEASE.jar","sourceContainerUrl":"file:/C:/Users/admin1/.m2/repository/org/springframework/spring-beans/5.0.7.RELEASE/spring-beans-5.0.7.RELEASE-sources.jar","javadocContainerUrl":"file:/C:/Users/admin1/.m2/repository/org/springframework/spring-beans/5.0.7.RELEASE/spring-beans-5.0.7.RELEASE-javadoc.jar","isSystem":false,"isOwn":false,"isTest":false,"isJavaContent":false},{"kind":"binary","path":"C:\\Users\\admin1\\.m2\\repository\\org\\springframework\\spring-context\\5.0.7.RELEASE\\spring-context-5.0.7.RELEASE.jar","sourceContainerUrl":"file:/C:/Users/admin1/.m2/repository/org/springframework/spring-context/5.0.7.RELEASE/spring-context-5.0.7.RELEASE-sources.jar","javadocContainerUrl":"file:/C:/Users/admin1/.m2/repository/org/springframework/spring-context/5.0.7.RELEASE/spring-context-5.0.7.RELEASE-javadoc.jar","isSystem":false,"isOwn":false,"isTest":false,"isJavaContent":false},{"kind":"binary","path":"C:\\Users\\admin1\\.m2\\repository\\org\\springframework\\spring-expression\\5.0.7.RELEASE\\spring-expression-5.0.7.RELEASE.jar","sourceContainerUrl":"file:/C:/Users/admin1/.m2/repository/org/springframework/spring-expression/5.0.7.RELEASE/spring-expression-5.0.7.RELEASE-sources.jar","javadocContainerUrl":"file:/C:/Users/admin1/.m2/repository/org/springframework/spring-expression/5.0.7.RELEASE/spring-expression-5.0.7.RELEASE-javadoc.jar","isSystem":false,"isOwn":false,"isTest":false,"isJavaContent":false},{"kind":"binary","path":"C:\\Users\\admin1\\.m2\\repository\\javax\\xml\\bind\\jaxb-api\\2.3.0\\jaxb-api-2.3.0.jar","sourceContainerUrl":"file:/C:/Users/admin1/.m2/repository/javax/xml/bind/jaxb-api/2.3.0/jaxb-api-2.3.0-sources.jar","javadocContainerUrl":"file:/C:/Users/admin1/.m2/repository/javax/xml/bind/jaxb-api/2.3.0/jaxb-api-2.3.0-javadoc.jar","isSystem":false,"isOwn":false,"isTest":false,"isJavaContent":false},{"kind":"source","path":"C:\\Users\\admin1\\WAA\\workspace\\FEJPASECB\\src\\main\\java","outputFolder":"C:\\Users\\admin1\\WAA\\workspace\\FEJPASECB\\target\\classes","javadocContainerUrl":"file:/C:/Users/admin1/WAA/workspace/FEJPASECB/target/site/apidocs","isSystem":false,"isOwn":true,"isTest":false,"isJavaContent":true},{"kind":"source","path":"C:\\Users\\admin1\\WAA\\workspace\\FEJPASECB\\src\\test\\java","outputFolder":"C:\\Users\\admin1\\WAA\\workspace\\FEJPASECB\\target\\test-classes","javadocContainerUrl":"file:/C:/Users/admin1/WAA/workspace/FEJPASECB/target/site/apidocs","isSystem":false,"isOwn":true,"isTest":true,"isJavaContent":true},{"kind":"source","path":"C:\\Users\\admin1\\WAA\\workspace\\FEJPASECB\\src\\main\\resources","outputFolder":"C:\\Users\\admin1\\WAA\\workspace\\FEJPASECB\\target\\classes","isSystem":false,"isOwn":true,"isTest":false,"isJavaContent":false},{"kind":"source","path":"C:\\Users\\admin1\\WAA\\workspace\\FEJPASECB\\src\\test\\resources","outputFolder":"C:\\Users\\admin1\\WAA\\workspace\\FEJPASECB\\target\\test-classes","isSystem":false,"isOwn":true,"isTest":true,"isJavaContent":false},{"kind":"source","path":"C:\\Users\\admin1\\WAA\\workspace\\FEJPASECB\\src\\test\\java","outputFolder":"C:\\Users\\admin1\\WAA\\workspace\\FEJPASECB\\target\\test-classes","javadocContainerUrl":"file:/C:/Users/admin1/WAA/workspace/FEJPASECB/target/site/apidocs","isSystem":false,"isOwn":true,"isTest":false,"isJavaContent":false}]}